{
  "Version": 1,
  "ManifestType": "Publish",
  "Endpoints": [
    {
      "Route": "196.9a088038c72dbabb013b.js",
      "AssetFile": "196.9a088038c72dbabb013b.js.br",
      "Selectors": [
        {
          "Name": "Content-Encoding",
          "Value": "br",
          "Quality": "0.000013772397"
        }
      ],
      "ResponseHeaders": [
        {
          "Name": "Accept-Ranges",
          "Value": "bytes"
        },
        {
          "Name": "Cache-Control",
          "Value": "no-cache"
        },
        {
          "Name": "Content-Encoding",
          "Value": "br"
        },
        {
          "Name": "Content-Length",
          "Value": "72608"
        },
        {
          "Name": "Content-Type",
          "Value": "text/javascript"
        },
        {
          "Name": "ETag",
          "Value": "\"h0TBtQZZuriEEhHLmijx2hR9QIBj2t80+HyWkRNIpa4=\""
        },
        {
          "Name": "ETag",
          "Value": "W/\"xkxI9djwS2TyHxqFo0RGzJ8NOzB8sacgZXOH+sCqPKY=\""
        },
        {
          "Name": "Last-Modified",
          "Value": "Sun, 20 Apr 2025 14:00:42 GMT"
        },
        {
          "Name": "Vary",
          "Value": "Content-Encoding"
        }
      ],
      "EndpointProperties": [
        {
          "Name": "integrity",
          "Value": "sha256-xkxI9djwS2TyHxqFo0RGzJ8NOzB8sacgZXOH+sCqPKY="
        }
      ]
    },
    {
      "Route": "196.9a088038c72dbabb013b.js",
      "AssetFile": "196.9a088038c72dbabb013b.js.gz",
      "Selectors": [
        {
          "Name": "Content-Encoding",
          "Value": "gzip",
          "Quality": "0.000011902353"
        }
      ],
      "ResponseHeaders": [
        {
          "Name": "Accept-Ranges",
          "Value": "bytes"
        },
        {
          "Name": "Cache-Control",
          "Value": "no-cache"
        },
        {
          "Name": "Content-Encoding",
          "Value": "gzip"
        },
        {
          "Name": "Content-Length",
          "Value": "84016"
        },
        {
          "Name": "Content-Type",
          "Value": "text/javascript"
        },
        {
          "Name": "ETag",
          "Value": "\"QZgPf1SihdDTD+5Z06SaiQiyr2/cEpZnQEdS4D12vtc=\""
        },
        {
          "Name": "ETag",
          "Value": "W/\"xkxI9djwS2TyHxqFo0RGzJ8NOzB8sacgZXOH+sCqPKY=\""
        },
        {
          "Name": "Last-Modified",
          "Value": "Sun, 20 Apr 2025 14:00:42 GMT"
        },
        {
          "Name": "Vary",
          "Value": "Content-Encoding"
        }
      ],
      "EndpointProperties": [
        {
          "Name": "integrity",
          "Value": "sha256-xkxI9djwS2TyHxqFo0RGzJ8NOzB8sacgZXOH+sCqPKY="
        }
      ]
    },
    {
      "Route": "196.9a088038c72dbabb013b.js",
      "AssetFile": "196.9a088038c72dbabb013b.js",
      "Selectors": [],
      "ResponseHeaders": [
        {
          "Name": "Accept-Ranges",
          "Value": "bytes"
        },
        {
          "Name": "Cache-Control",
          "Value": "no-cache"
        },
        {
          "Name": "Content-Length",
          "Value": "254975"
        },
        {
          "Name": "Content-Type",
          "Value": "text/javascript"
        },
        {
          "Name": "ETag",
          "Value": "\"xkxI9djwS2TyHxqFo0RGzJ8NOzB8sacgZXOH+sCqPKY=\""
        },
        {
          "Name": "Last-Modified",
          "Value": "Sun, 20 Apr 2025 14:00:42 GMT"
        }
      ],
      "EndpointProperties": [
        {
          "Name": "integrity",
          "Value": "sha256-xkxI9djwS2TyHxqFo0RGzJ8NOzB8sacgZXOH+sCqPKY="
        }
      ]
    },
    {
      "Route": "196.9a088038c72dbabb013b.js.LICENSE.h9qlryqwjn.txt",
      "AssetFile": "196.9a088038c72dbabb013b.js.LICENSE.txt.gz",
      "Selectors": [
        {
          "Name": "Content-Encoding",
          "Value": "gzip",
          "Quality": "0.002666666667"
        }
      ],
      "ResponseHeaders": [
        {
          "Name": "Accept-Ranges",
          "Value": "bytes"
        },
        {
          "Name": "Cache-Control",
          "Value": "max-age=31536000, immutable"
        },
        {
          "Name": "Content-Encoding",
          "Value": "gzip"
        },
        {
          "Name": "Content-Length",
          "Value": "374"
        },
        {
          "Name": "Content-Type",
          "Value": "text/plain"
        },
        {
          "Name": "ETag",
          "Value": "\"DZhJSTh+8uusKIFk+BOZzyyS137ri563tEr0GBrngHY=\""
        },
        {
          "Name": "ETag",
          "Value": "W/\"yyQUKqUxIsurqsqYWqeU2ytucwwRxtZnJ9rsPYsS7no=\""
        },
        {
          "Name": "Last-Modified",
          "Value": "Sun, 20 Apr 2025 14:00:42 GMT"
        },
        {
          "Name": "Vary",
          "Value": "Content-Encoding"
        }
      ],
      "EndpointProperties": [
        {
          "Name": "fingerprint",
          "Value": "h9qlryqwjn"
        },
        {
          "Name": "integrity",
          "Value": "sha256-yyQUKqUxIsurqsqYWqeU2ytucwwRxtZnJ9rsPYsS7no="
        },
        {
          "Name": "label",
          "Value": "196.9a088038c72dbabb013b.js.LICENSE.txt"
        }
      ]
    },
    {
      "Route": "196.9a088038c72dbabb013b.js.LICENSE.h9qlryqwjn.txt",
      "AssetFile": "196.9a088038c72dbabb013b.js.LICENSE.txt.br",
      "Selectors": [
        {
          "Name": "Content-Encoding",
          "Value": "br",
          "Quality": "0.003472222222"
        }
      ],
      "ResponseHeaders": [
        {
          "Name": "Accept-Ranges",
          "Value": "bytes"
        },
        {
          "Name": "Cache-Control",
          "Value": "max-age=31536000, immutable"
        },
        {
          "Name": "Content-Encoding",
          "Value": "br"
        },
        {
          "Name": "Content-Length",
          "Value": "287"
        },
        {
          "Name": "Content-Type",
          "Value": "text/plain"
        },
        {
          "Name": "ETag",
          "Value": "\"yESUvqVlkJltZs13MsTV3zWGwsebKANSXmS5t5VDnF0=\""
        },
        {
          "Name": "ETag",
          "Value": "W/\"yyQUKqUxIsurqsqYWqeU2ytucwwRxtZnJ9rsPYsS7no=\""
        },
        {
          "Name": "Last-Modified",
          "Value": "Sun, 20 Apr 2025 14:00:42 GMT"
        },
        {
          "Name": "Vary",
          "Value": "Content-Encoding"
        }
      ],
      "EndpointProperties": [
        {
          "Name": "fingerprint",
          "Value": "h9qlryqwjn"
        },
        {
          "Name": "integrity",
          "Value": "sha256-yyQUKqUxIsurqsqYWqeU2ytucwwRxtZnJ9rsPYsS7no="
        },
        {
          "Name": "label",
          "Value": "196.9a088038c72dbabb013b.js.LICENSE.txt"
        }
      ]
    },
    {
      "Route": "196.9a088038c72dbabb013b.js.LICENSE.h9qlryqwjn.txt",
      "AssetFile": "196.9a088038c72dbabb013b.js.LICENSE.txt",
      "Selectors": [],
      "ResponseHeaders": [
        {
          "Name": "Accept-Ranges",
          "Value": "bytes"
        },
        {
          "Name": "Cache-Control",
          "Value": "max-age=31536000, immutable"
        },
        {
          "Name": "Content-Length",
          "Value": "1308"
        },
        {
          "Name": "Content-Type",
          "Value": "text/plain"
        },
        {
          "Name": "ETag",
          "Value": "\"yyQUKqUxIsurqsqYWqeU2ytucwwRxtZnJ9rsPYsS7no=\""
        },
        {
          "Name": "Last-Modified",
          "Value": "Sun, 20 Apr 2025 14:00:42 GMT"
        }
      ],
      "EndpointProperties": [
        {
          "Name": "fingerprint",
          "Value": "h9qlryqwjn"
        },
        {
          "Name": "integrity",
          "Value": "sha256-yyQUKqUxIsurqsqYWqeU2ytucwwRxtZnJ9rsPYsS7no="
        },
        {
          "Name": "label",
          "Value": "196.9a088038c72dbabb013b.js.LICENSE.txt"
        }
      ]
    },
    {
      "Route": "196.9a088038c72dbabb013b.js.LICENSE.h9qlryqwjn.txt.br",
      "AssetFile": "196.9a088038c72dbabb013b.js.LICENSE.txt.br",
      "Selectors": [],
      "ResponseHeaders": [
        {
          "Name": "Accept-Ranges",
          "Value": "bytes"
        },
        {
          "Name": "Cache-Control",
          "Value": "max-age=31536000, immutable"
        },
        {
          "Name": "Content-Encoding",
          "Value": "br"
        },
        {
          "Name": "Content-Length",
          "Value": "287"
        },
        {
          "Name": "Content-Type",
          "Value": "text/plain"
        },
        {
          "Name": "ETag",
          "Value": "\"yESUvqVlkJltZs13MsTV3zWGwsebKANSXmS5t5VDnF0=\""
        },
        {
          "Name": "Last-Modified",
          "Value": "Sun, 20 Apr 2025 14:00:42 GMT"
        },
        {
          "Name": "Vary",
          "Value": "Content-Encoding"
        }
      ],
      "EndpointProperties": [
        {
          "Name": "fingerprint",
          "Value": "h9qlryqwjn"
        },
        {
          "Name": "integrity",
          "Value": "sha256-yESUvqVlkJltZs13MsTV3zWGwsebKANSXmS5t5VDnF0="
        },
        {
          "Name": "label",
          "Value": "196.9a088038c72dbabb013b.js.LICENSE.txt.br"
        }
      ]
    },
    {
      "Route": "196.9a088038c72dbabb013b.js.LICENSE.h9qlryqwjn.txt.gz",
      "AssetFile": "196.9a088038c72dbabb013b.js.LICENSE.txt.gz",
      "Selectors": [],
      "ResponseHeaders": [
        {
          "Name": "Accept-Ranges",
          "Value": "bytes"
        },
        {
          "Name": "Cache-Control",
          "Value": "max-age=31536000, immutable"
        },
        {
          "Name": "Content-Encoding",
          "Value": "gzip"
        },
        {
          "Name": "Content-Length",
          "Value": "374"
        },
        {
          "Name": "Content-Type",
          "Value": "text/plain"
        },
        {
          "Name": "ETag",
          "Value": "\"DZhJSTh+8uusKIFk+BOZzyyS137ri563tEr0GBrngHY=\""
        },
        {
          "Name": "Last-Modified",
          "Value": "Sun, 20 Apr 2025 14:00:42 GMT"
        },
        {
          "Name": "Vary",
          "Value": "Content-Encoding"
        }
      ],
      "EndpointProperties": [
        {
          "Name": "fingerprint",
          "Value": "h9qlryqwjn"
        },
        {
          "Name": "integrity",
          "Value": "sha256-DZhJSTh+8uusKIFk+BOZzyyS137ri563tEr0GBrngHY="
        },
        {
          "Name": "label",
          "Value": "196.9a088038c72dbabb013b.js.LICENSE.txt.gz"
        }
      ]
    },
    {
      "Route": "196.9a088038c72dbabb013b.js.LICENSE.txt",
      "AssetFile": "196.9a088038c72dbabb013b.js.LICENSE.txt.gz",
      "Selectors": [
        {
          "Name": "Content-Encoding",
          "Value": "gzip",
          "Quality": "0.002666666667"
        }
      ],
      "ResponseHeaders": [
        {
          "Name": "Accept-Ranges",
          "Value": "bytes"
        },
        {
          "Name": "Cache-Control",
          "Value": "no-cache"
        },
        {
          "Name": "Content-Encoding",
          "Value": "gzip"
        },
        {
          "Name": "Content-Length",
          "Value": "374"
        },
        {
          "Name": "Content-Type",
          "Value": "text/plain"
        },
        {
          "Name": "ETag",
          "Value": "\"DZhJSTh+8uusKIFk+BOZzyyS137ri563tEr0GBrngHY=\""
        },
        {
          "Name": "ETag",
          "Value": "W/\"yyQUKqUxIsurqsqYWqeU2ytucwwRxtZnJ9rsPYsS7no=\""
        },
        {
          "Name": "Last-Modified",
          "Value": "Sun, 20 Apr 2025 14:00:42 GMT"
        },
        {
          "Name": "Vary",
          "Value": "Content-Encoding"
        }
      ],
      "EndpointProperties": [
        {
          "Name": "integrity",
          "Value": "sha256-yyQUKqUxIsurqsqYWqeU2ytucwwRxtZnJ9rsPYsS7no="
        }
      ]
    },
    {
      "Route": "196.9a088038c72dbabb013b.js.LICENSE.txt",
      "AssetFile": "196.9a088038c72dbabb013b.js.LICENSE.txt.br",
      "Selectors": [
        {
          "Name": "Content-Encoding",
          "Value": "br",
          "Quality": "0.003472222222"
        }
      ],
      "ResponseHeaders": [
        {
          "Name": "Accept-Ranges",
          "Value": "bytes"
        },
        {
          "Name": "Cache-Control",
          "Value": "no-cache"
        },
        {
          "Name": "Content-Encoding",
          "Value": "br"
        },
        {
          "Name": "Content-Length",
          "Value": "287"
        },
        {
          "Name": "Content-Type",
          "Value": "text/plain"
        },
        {
          "Name": "ETag",
          "Value": "\"yESUvqVlkJltZs13MsTV3zWGwsebKANSXmS5t5VDnF0=\""
        },
        {
          "Name": "ETag",
          "Value": "W/\"yyQUKqUxIsurqsqYWqeU2ytucwwRxtZnJ9rsPYsS7no=\""
        },
        {
          "Name": "Last-Modified",
          "Value": "Sun, 20 Apr 2025 14:00:42 GMT"
        },
        {
          "Name": "Vary",
          "Value": "Content-Encoding"
        }
      ],
      "EndpointProperties": [
        {
          "Name": "integrity",
          "Value": "sha256-yyQUKqUxIsurqsqYWqeU2ytucwwRxtZnJ9rsPYsS7no="
        }
      ]
    },
    {
      "Route": "196.9a088038c72dbabb013b.js.LICENSE.txt",
      "AssetFile": "196.9a088038c72dbabb013b.js.LICENSE.txt",
      "Selectors": [],
      "ResponseHeaders": [
        {
          "Name": "Accept-Ranges",
          "Value": "bytes"
        },
        {
          "Name": "Cache-Control",
          "Value": "no-cache"
        },
        {
          "Name": "Content-Length",
          "Value": "1308"
        },
        {
          "Name": "Content-Type",
          "Value": "text/plain"
        },
        {
          "Name": "ETag",
          "Value": "\"yyQUKqUxIsurqsqYWqeU2ytucwwRxtZnJ9rsPYsS7no=\""
        },
        {
          "Name": "Last-Modified",
          "Value": "Sun, 20 Apr 2025 14:00:42 GMT"
        }
      ],
      "EndpointProperties": [
        {
          "Name": "integrity",
          "Value": "sha256-yyQUKqUxIsurqsqYWqeU2ytucwwRxtZnJ9rsPYsS7no="
        }
      ]
    },
    {
      "Route": "196.9a088038c72dbabb013b.js.LICENSE.txt.br",
      "AssetFile": "196.9a088038c72dbabb013b.js.LICENSE.txt.br",
      "Selectors": [],
      "ResponseHeaders": [
        {
          "Name": "Accept-Ranges",
          "Value": "bytes"
        },
        {
          "Name": "Cache-Control",
          "Value": "no-cache"
        },
        {
          "Name": "Content-Encoding",
          "Value": "br"
        },
        {
          "Name": "Content-Length",
          "Value": "287"
        },
        {
          "Name": "Content-Type",
          "Value": "text/plain"
        },
        {
          "Name": "ETag",
          "Value": "\"yESUvqVlkJltZs13MsTV3zWGwsebKANSXmS5t5VDnF0=\""
        },
        {
          "Name": "Last-Modified",
          "Value": "Sun, 20 Apr 2025 14:00:42 GMT"
        },
        {
          "Name": "Vary",
          "Value": "Content-Encoding"
        }
      ],
      "EndpointProperties": [
        {
          "Name": "integrity",
          "Value": "sha256-yESUvqVlkJltZs13MsTV3zWGwsebKANSXmS5t5VDnF0="
        }
      ]
    },
    {
      "Route": "196.9a088038c72dbabb013b.js.LICENSE.txt.gz",
      "AssetFile": "196.9a088038c72dbabb013b.js.LICENSE.txt.gz",
      "Selectors": [],
      "ResponseHeaders": [
        {
          "Name": "Accept-Ranges",
          "Value": "bytes"
        },
        {
          "Name": "Cache-Control",
          "Value": "no-cache"
        },
        {
          "Name": "Content-Encoding",
          "Value": "gzip"
        },
        {
          "Name": "Content-Length",
          "Value": "374"
        },
        {
          "Name": "Content-Type",
          "Value": "text/plain"
        },
        {
          "Name": "ETag",
          "Value": "\"DZhJSTh+8uusKIFk+BOZzyyS137ri563tEr0GBrngHY=\""
        },
        {
          "Name": "Last-Modified",
          "Value": "Sun, 20 Apr 2025 14:00:42 GMT"
        },
        {
          "Name": "Vary",
          "Value": "Content-Encoding"
        }
      ],
      "EndpointProperties": [
        {
          "Name": "integrity",
          "Value": "sha256-DZhJSTh+8uusKIFk+BOZzyyS137ri563tEr0GBrngHY="
        }
      ]
    },
    {
      "Route": "196.9a088038c72dbabb013b.js.br",
      "AssetFile": "196.9a088038c72dbabb013b.js.br",
      "Selectors": [],
      "ResponseHeaders": [
        {
          "Name": "Accept-Ranges",
          "Value": "bytes"
        },
        {
          "Name": "Cache-Control",
          "Value": "no-cache"
        },
        {
          "Name": "Content-Encoding",
          "Value": "br"
        },
        {
          "Name": "Content-Length",
          "Value": "72608"
        },
        {
          "Name": "Content-Type",
          "Value": "text/javascript"
        },
        {
          "Name": "ETag",
          "Value": "\"h0TBtQZZuriEEhHLmijx2hR9QIBj2t80+HyWkRNIpa4=\""
        },
        {
          "Name": "Last-Modified",
          "Value": "Sun, 20 Apr 2025 14:00:42 GMT"
        },
        {
          "Name": "Vary",
          "Value": "Content-Encoding"
        }
      ],
      "EndpointProperties": [
        {
          "Name": "integrity",
          "Value": "sha256-h0TBtQZZuriEEhHLmijx2hR9QIBj2t80+HyWkRNIpa4="
        }
      ]
    },
    {
      "Route": "196.9a088038c72dbabb013b.js.gz",
      "AssetFile": "196.9a088038c72dbabb013b.js.gz",
      "Selectors": [],
      "ResponseHeaders": [
        {
          "Name": "Accept-Ranges",
          "Value": "bytes"
        },
        {
          "Name": "Cache-Control",
          "Value": "no-cache"
        },
        {
          "Name": "Content-Encoding",
          "Value": "gzip"
        },
        {
          "Name": "Content-Length",
          "Value": "84016"
        },
        {
          "Name": "Content-Type",
          "Value": "text/javascript"
        },
        {
          "Name": "ETag",
          "Value": "\"QZgPf1SihdDTD+5Z06SaiQiyr2/cEpZnQEdS4D12vtc=\""
        },
        {
          "Name": "Last-Modified",
          "Value": "Sun, 20 Apr 2025 14:00:42 GMT"
        },
        {
          "Name": "Vary",
          "Value": "Content-Encoding"
        }
      ],
      "EndpointProperties": [
        {
          "Name": "integrity",
          "Value": "sha256-QZgPf1SihdDTD+5Z06SaiQiyr2/cEpZnQEdS4D12vtc="
        }
      ]
    },
    {
      "Route": "196.9a088038c72dbabb013b.m92rnmax4r.js",
      "AssetFile": "196.9a088038c72dbabb013b.js.br",
      "Selectors": [
        {
          "Name": "Content-Encoding",
          "Value": "br",
          "Quality": "0.000013772397"
        }
      ],
      "ResponseHeaders": [
        {
          "Name": "Accept-Ranges",
          "Value": "bytes"
        },
        {
          "Name": "Cache-Control",
          "Value": "max-age=31536000, immutable"
        },
        {
          "Name": "Content-Encoding",
          "Value": "br"
        },
        {
          "Name": "Content-Length",
          "Value": "72608"
        },
        {
          "Name": "Content-Type",
          "Value": "text/javascript"
        },
        {
          "Name": "ETag",
          "Value": "\"h0TBtQZZuriEEhHLmijx2hR9QIBj2t80+HyWkRNIpa4=\""
        },
        {
          "Name": "ETag",
          "Value": "W/\"xkxI9djwS2TyHxqFo0RGzJ8NOzB8sacgZXOH+sCqPKY=\""
        },
        {
          "Name": "Last-Modified",
          "Value": "Sun, 20 Apr 2025 14:00:42 GMT"
        },
        {
          "Name": "Vary",
          "Value": "Content-Encoding"
        }
      ],
      "EndpointProperties": [
        {
          "Name": "fingerprint",
          "Value": "m92rnmax4r"
        },
        {
          "Name": "integrity",
          "Value": "sha256-xkxI9djwS2TyHxqFo0RGzJ8NOzB8sacgZXOH+sCqPKY="
        },
        {
          "Name": "label",
          "Value": "196.9a088038c72dbabb013b.js"
        }
      ]
    },
    {
      "Route": "196.9a088038c72dbabb013b.m92rnmax4r.js",
      "AssetFile": "196.9a088038c72dbabb013b.js.gz",
      "Selectors": [
        {
          "Name": "Content-Encoding",
          "Value": "gzip",
          "Quality": "0.000011902353"
        }
      ],
      "ResponseHeaders": [
        {
          "Name": "Accept-Ranges",
          "Value": "bytes"
        },
        {
          "Name": "Cache-Control",
          "Value": "max-age=31536000, immutable"
        },
        {
          "Name": "Content-Encoding",
          "Value": "gzip"
        },
        {
          "Name": "Content-Length",
          "Value": "84016"
        },
        {
          "Name": "Content-Type",
          "Value": "text/javascript"
        },
        {
          "Name": "ETag",
          "Value": "\"QZgPf1SihdDTD+5Z06SaiQiyr2/cEpZnQEdS4D12vtc=\""
        },
        {
          "Name": "ETag",
          "Value": "W/\"xkxI9djwS2TyHxqFo0RGzJ8NOzB8sacgZXOH+sCqPKY=\""
        },
        {
          "Name": "Last-Modified",
          "Value": "Sun, 20 Apr 2025 14:00:42 GMT"
        },
        {
          "Name": "Vary",
          "Value": "Content-Encoding"
        }
      ],
      "EndpointProperties": [
        {
          "Name": "fingerprint",
          "Value": "m92rnmax4r"
        },
        {
          "Name": "integrity",
          "Value": "sha256-xkxI9djwS2TyHxqFo0RGzJ8NOzB8sacgZXOH+sCqPKY="
        },
        {
          "Name": "label",
          "Value": "196.9a088038c72dbabb013b.js"
        }
      ]
    },
    {
      "Route": "196.9a088038c72dbabb013b.m92rnmax4r.js",
      "AssetFile": "196.9a088038c72dbabb013b.js",
      "Selectors": [],
      "ResponseHeaders": [
        {
          "Name": "Accept-Ranges",
          "Value": "bytes"
        },
        {
          "Name": "Cache-Control",
          "Value": "max-age=31536000, immutable"
        },
        {
          "Name": "Content-Length",
          "Value": "254975"
        },
        {
          "Name": "Content-Type",
          "Value": "text/javascript"
        },
        {
          "Name": "ETag",
          "Value": "\"xkxI9djwS2TyHxqFo0RGzJ8NOzB8sacgZXOH+sCqPKY=\""
        },
        {
          "Name": "Last-Modified",
          "Value": "Sun, 20 Apr 2025 14:00:42 GMT"
        }
      ],
      "EndpointProperties": [
        {
          "Name": "fingerprint",
          "Value": "m92rnmax4r"
        },
        {
          "Name": "integrity",
          "Value": "sha256-xkxI9djwS2TyHxqFo0RGzJ8NOzB8sacgZXOH+sCqPKY="
        },
        {
          "Name": "label",
          "Value": "196.9a088038c72dbabb013b.js"
        }
      ]
    },
    {
      "Route": "196.9a088038c72dbabb013b.m92rnmax4r.js.br",
      "AssetFile": "196.9a088038c72dbabb013b.js.br",
      "Selectors": [],
      "ResponseHeaders": [
        {
          "Name": "Accept-Ranges",
          "Value": "bytes"
        },
        {
          "Name": "Cache-Control",
          "Value": "max-age=31536000, immutable"
        },
        {
          "Name": "Content-Encoding",
          "Value": "br"
        },
        {
          "Name": "Content-Length",
          "Value": "72608"
        },
        {
          "Name": "Content-Type",
          "Value": "text/javascript"
        },
        {
          "Name": "ETag",
          "Value": "\"h0TBtQZZuriEEhHLmijx2hR9QIBj2t80+HyWkRNIpa4=\""
        },
        {
          "Name": "Last-Modified",
          "Value": "Sun, 20 Apr 2025 14:00:42 GMT"
        },
        {
          "Name": "Vary",
          "Value": "Content-Encoding"
        }
      ],
      "EndpointProperties": [
        {
          "Name": "fingerprint",
          "Value": "m92rnmax4r"
        },
        {
          "Name": "integrity",
          "Value": "sha256-h0TBtQZZuriEEhHLmijx2hR9QIBj2t80+HyWkRNIpa4="
        },
        {
          "Name": "label",
          "Value": "196.9a088038c72dbabb013b.js.br"
        }
      ]
    },
    {
      "Route": "196.9a088038c72dbabb013b.m92rnmax4r.js.gz",
      "AssetFile": "196.9a088038c72dbabb013b.js.gz",
      "Selectors": [],
      "ResponseHeaders": [
        {
          "Name": "Accept-Ranges",
          "Value": "bytes"
        },
        {
          "Name": "Cache-Control",
          "Value": "max-age=31536000, immutable"
        },
        {
          "Name": "Content-Encoding",
          "Value": "gzip"
        },
        {
          "Name": "Content-Length",
          "Value": "84016"
        },
        {
          "Name": "Content-Type",
          "Value": "text/javascript"
        },
        {
          "Name": "ETag",
          "Value": "\"QZgPf1SihdDTD+5Z06SaiQiyr2/cEpZnQEdS4D12vtc=\""
        },
        {
          "Name": "Last-Modified",
          "Value": "Sun, 20 Apr 2025 14:00:42 GMT"
        },
        {
          "Name": "Vary",
          "Value": "Content-Encoding"
        }
      ],
      "EndpointProperties": [
        {
          "Name": "fingerprint",
          "Value": "m92rnmax4r"
        },
        {
          "Name": "integrity",
          "Value": "sha256-QZgPf1SihdDTD+5Z06SaiQiyr2/cEpZnQEdS4D12vtc="
        },
        {
          "Name": "label",
          "Value": "196.9a088038c72dbabb013b.js.gz"
        }
      ]
    },
    {
      "Route": "index.7umbro0r9c.html",
      "AssetFile": "index.html.gz",
      "Selectors": [
        {
          "Name": "Content-Encoding",
          "Value": "gzip",
          "Quality": "0.002403846154"
        }
      ],
      "ResponseHeaders": [
        {
          "Name": "Accept-Ranges",
          "Value": "bytes"
        },
        {
          "Name": "Cache-Control",
          "Value": "max-age=31536000, immutable"
        },
        {
          "Name": "Content-Encoding",
          "Value": "gzip"
        },
        {
          "Name": "Content-Length",
          "Value": "415"
        },
        {
          "Name": "Content-Type",
          "Value": "text/html"
        },
        {
          "Name": "ETag",
          "Value": "\"8cFTyoN+4EfKBtweUafEp0aLIJkxpZN69y4YFd8Mmpg=\""
        },
        {
          "Name": "ETag",
          "Value": "W/\"X2NV3W6fGDYVf+AYdLZ9bKXSkcq9+zfwl1ezo1v6y10=\""
        },
        {
          "Name": "Last-Modified",
          "Value": "Sun, 20 Apr 2025 14:00:42 GMT"
        },
        {
          "Name": "Vary",
          "Value": "Content-Encoding"
        }
      ],
      "EndpointProperties": [
        {
          "Name": "fingerprint",
          "Value": "7umbro0r9c"
        },
        {
          "Name": "integrity",
          "Value": "sha256-X2NV3W6fGDYVf+AYdLZ9bKXSkcq9+zfwl1ezo1v6y10="
        },
        {
          "Name": "label",
          "Value": "index.html"
        }
      ]
    },
    {
      "Route": "index.7umbro0r9c.html",
      "AssetFile": "index.html.br",
      "Selectors": [
        {
          "Name": "Content-Encoding",
          "Value": "br",
          "Quality": "0.003597122302"
        }
      ],
      "ResponseHeaders": [
        {
          "Name": "Accept-Ranges",
          "Value": "bytes"
        },
        {
          "Name": "Cache-Control",
          "Value": "max-age=31536000, immutable"
        },
        {
          "Name": "Content-Encoding",
          "Value": "br"
        },
        {
          "Name": "Content-Length",
          "Value": "277"
        },
        {
          "Name": "Content-Type",
          "Value": "text/html"
        },
        {
          "Name": "ETag",
          "Value": "\"HXkyyhzQeuTKNxF4nMSE60Y8U9DJe0wE+tQ9TaY65AE=\""
        },
        {
          "Name": "ETag",
          "Value": "W/\"X2NV3W6fGDYVf+AYdLZ9bKXSkcq9+zfwl1ezo1v6y10=\""
        },
        {
          "Name": "Last-Modified",
          "Value": "Sun, 20 Apr 2025 14:00:42 GMT"
        },
        {
          "Name": "Vary",
          "Value": "Content-Encoding"
        }
      ],
      "EndpointProperties": [
        {
          "Name": "fingerprint",
          "Value": "7umbro0r9c"
        },
        {
          "Name": "integrity",
          "Value": "sha256-X2NV3W6fGDYVf+AYdLZ9bKXSkcq9+zfwl1ezo1v6y10="
        },
        {
          "Name": "label",
          "Value": "index.html"
        }
      ]
    },
    {
      "Route": "index.7umbro0r9c.html",
      "AssetFile": "index.html",
      "Selectors": [],
      "ResponseHeaders": [
        {
          "Name": "Accept-Ranges",
          "Value": "bytes"
        },
        {
          "Name": "Cache-Control",
          "Value": "max-age=31536000, immutable"
        },
        {
          "Name": "Content-Length",
          "Value": "660"
        },
        {
          "Name": "Content-Type",
          "Value": "text/html"
        },
        {
          "Name": "ETag",
          "Value": "\"X2NV3W6fGDYVf+AYdLZ9bKXSkcq9+zfwl1ezo1v6y10=\""
        },
        {
          "Name": "Last-Modified",
          "Value": "Sun, 20 Apr 2025 14:00:42 GMT"
        }
      ],
      "EndpointProperties": [
        {
          "Name": "fingerprint",
          "Value": "7umbro0r9c"
        },
        {
          "Name": "integrity",
          "Value": "sha256-X2NV3W6fGDYVf+AYdLZ9bKXSkcq9+zfwl1ezo1v6y10="
        },
        {
          "Name": "label",
          "Value": "index.html"
        }
      ]
    },
    {
      "Route": "index.7umbro0r9c.html.br",
      "AssetFile": "index.html.br",
      "Selectors": [],
      "ResponseHeaders": [
        {
          "Name": "Accept-Ranges",
          "Value": "bytes"
        },
        {
          "Name": "Cache-Control",
          "Value": "max-age=31536000, immutable"
        },
        {
          "Name": "Content-Encoding",
          "Value": "br"
        },
        {
          "Name": "Content-Length",
          "Value": "277"
        },
        {
          "Name": "Content-Type",
          "Value": "text/html"
        },
        {
          "Name": "ETag",
          "Value": "\"HXkyyhzQeuTKNxF4nMSE60Y8U9DJe0wE+tQ9TaY65AE=\""
        },
        {
          "Name": "Last-Modified",
          "Value": "Sun, 20 Apr 2025 14:00:42 GMT"
        },
        {
          "Name": "Vary",
          "Value": "Content-Encoding"
        }
      ],
      "EndpointProperties": [
        {
          "Name": "fingerprint",
          "Value": "7umbro0r9c"
        },
        {
          "Name": "integrity",
          "Value": "sha256-HXkyyhzQeuTKNxF4nMSE60Y8U9DJe0wE+tQ9TaY65AE="
        },
        {
          "Name": "label",
          "Value": "index.html.br"
        }
      ]
    },
    {
      "Route": "index.7umbro0r9c.html.gz",
      "AssetFile": "index.html.gz",
      "Selectors": [],
      "ResponseHeaders": [
        {
          "Name": "Accept-Ranges",
          "Value": "bytes"
        },
        {
          "Name": "Cache-Control",
          "Value": "max-age=31536000, immutable"
        },
        {
          "Name": "Content-Encoding",
          "Value": "gzip"
        },
        {
          "Name": "Content-Length",
          "Value": "415"
        },
        {
          "Name": "Content-Type",
          "Value": "text/html"
        },
        {
          "Name": "ETag",
          "Value": "\"8cFTyoN+4EfKBtweUafEp0aLIJkxpZN69y4YFd8Mmpg=\""
        },
        {
          "Name": "Last-Modified",
          "Value": "Sun, 20 Apr 2025 14:00:42 GMT"
        },
        {
          "Name": "Vary",
          "Value": "Content-Encoding"
        }
      ],
      "EndpointProperties": [
        {
          "Name": "fingerprint",
          "Value": "7umbro0r9c"
        },
        {
          "Name": "integrity",
          "Value": "sha256-8cFTyoN+4EfKBtweUafEp0aLIJkxpZN69y4YFd8Mmpg="
        },
        {
          "Name": "label",
          "Value": "index.html.gz"
        }
      ]
    },
    {
      "Route": "index.html",
      "AssetFile": "index.html.gz",
      "Selectors": [
        {
          "Name": "Content-Encoding",
          "Value": "gzip",
          "Quality": "0.002403846154"
        }
      ],
      "ResponseHeaders": [
        {
          "Name": "Accept-Ranges",
          "Value": "bytes"
        },
        {
          "Name": "Cache-Control",
          "Value": "no-cache"
        },
        {
          "Name": "Content-Encoding",
          "Value": "gzip"
        },
        {
          "Name": "Content-Length",
          "Value": "415"
        },
        {
          "Name": "Content-Type",
          "Value": "text/html"
        },
        {
          "Name": "ETag",
          "Value": "\"8cFTyoN+4EfKBtweUafEp0aLIJkxpZN69y4YFd8Mmpg=\""
        },
        {
          "Name": "ETag",
          "Value": "W/\"X2NV3W6fGDYVf+AYdLZ9bKXSkcq9+zfwl1ezo1v6y10=\""
        },
        {
          "Name": "Last-Modified",
          "Value": "Sun, 20 Apr 2025 14:00:42 GMT"
        },
        {
          "Name": "Vary",
          "Value": "Content-Encoding"
        }
      ],
      "EndpointProperties": [
        {
          "Name": "integrity",
          "Value": "sha256-X2NV3W6fGDYVf+AYdLZ9bKXSkcq9+zfwl1ezo1v6y10="
        }
      ]
    },
    {
      "Route": "index.html",
      "AssetFile": "index.html.br",
      "Selectors": [
        {
          "Name": "Content-Encoding",
          "Value": "br",
          "Quality": "0.003597122302"
        }
      ],
      "ResponseHeaders": [
        {
          "Name": "Accept-Ranges",
          "Value": "bytes"
        },
        {
          "Name": "Cache-Control",
          "Value": "no-cache"
        },
        {
          "Name": "Content-Encoding",
          "Value": "br"
        },
        {
          "Name": "Content-Length",
          "Value": "277"
        },
        {
          "Name": "Content-Type",
          "Value": "text/html"
        },
        {
          "Name": "ETag",
          "Value": "\"HXkyyhzQeuTKNxF4nMSE60Y8U9DJe0wE+tQ9TaY65AE=\""
        },
        {
          "Name": "ETag",
          "Value": "W/\"X2NV3W6fGDYVf+AYdLZ9bKXSkcq9+zfwl1ezo1v6y10=\""
        },
        {
          "Name": "Last-Modified",
          "Value": "Sun, 20 Apr 2025 14:00:42 GMT"
        },
        {
          "Name": "Vary",
          "Value": "Content-Encoding"
        }
      ],
      "EndpointProperties": [
        {
          "Name": "integrity",
          "Value": "sha256-X2NV3W6fGDYVf+AYdLZ9bKXSkcq9+zfwl1ezo1v6y10="
        }
      ]
    },
    {
      "Route": "index.html",
      "AssetFile": "index.html",
      "Selectors": [],
      "ResponseHeaders": [
        {
          "Name": "Accept-Ranges",
          "Value": "bytes"
        },
        {
          "Name": "Cache-Control",
          "Value": "no-cache"
        },
        {
          "Name": "Content-Length",
          "Value": "660"
        },
        {
          "Name": "Content-Type",
          "Value": "text/html"
        },
        {
          "Name": "ETag",
          "Value": "\"X2NV3W6fGDYVf+AYdLZ9bKXSkcq9+zfwl1ezo1v6y10=\""
        },
        {
          "Name": "Last-Modified",
          "Value": "Sun, 20 Apr 2025 14:00:42 GMT"
        }
      ],
      "EndpointProperties": [
        {
          "Name": "integrity",
          "Value": "sha256-X2NV3W6fGDYVf+AYdLZ9bKXSkcq9+zfwl1ezo1v6y10="
        }
      ]
    },
    {
      "Route": "index.html.br",
      "AssetFile": "index.html.br",
      "Selectors": [],
      "ResponseHeaders": [
        {
          "Name": "Accept-Ranges",
          "Value": "bytes"
        },
        {
          "Name": "Cache-Control",
          "Value": "no-cache"
        },
        {
          "Name": "Content-Encoding",
          "Value": "br"
        },
        {
          "Name": "Content-Length",
          "Value": "277"
        },
        {
          "Name": "Content-Type",
          "Value": "text/html"
        },
        {
          "Name": "ETag",
          "Value": "\"HXkyyhzQeuTKNxF4nMSE60Y8U9DJe0wE+tQ9TaY65AE=\""
        },
        {
          "Name": "Last-Modified",
          "Value": "Sun, 20 Apr 2025 14:00:42 GMT"
        },
        {
          "Name": "Vary",
          "Value": "Content-Encoding"
        }
      ],
      "EndpointProperties": [
        {
          "Name": "integrity",
          "Value": "sha256-HXkyyhzQeuTKNxF4nMSE60Y8U9DJe0wE+tQ9TaY65AE="
        }
      ]
    },
    {
      "Route": "index.html.gz",
      "AssetFile": "index.html.gz",
      "Selectors": [],
      "ResponseHeaders": [
        {
          "Name": "Accept-Ranges",
          "Value": "bytes"
        },
        {
          "Name": "Cache-Control",
          "Value": "no-cache"
        },
        {
          "Name": "Content-Encoding",
          "Value": "gzip"
        },
        {
          "Name": "Content-Length",
          "Value": "415"
        },
        {
          "Name": "Content-Type",
          "Value": "text/html"
        },
        {
          "Name": "ETag",
          "Value": "\"8cFTyoN+4EfKBtweUafEp0aLIJkxpZN69y4YFd8Mmpg=\""
        },
        {
          "Name": "Last-Modified",
          "Value": "Sun, 20 Apr 2025 14:00:42 GMT"
        },
        {
          "Name": "Vary",
          "Value": "Content-Encoding"
        }
      ],
      "EndpointProperties": [
        {
          "Name": "integrity",
          "Value": "sha256-8cFTyoN+4EfKBtweUafEp0aLIJkxpZN69y4YFd8Mmpg="
        }
      ]
    },
    {
      "Route": "main.15dda17df953cf76f6c1.js",
      "AssetFile": "main.15dda17df953cf76f6c1.js.gz",
      "Selectors": [
        {
          "Name": "Content-Encoding",
          "Value": "gzip",
          "Quality": "0.000078247261"
        }
      ],
      "ResponseHeaders": [
        {
          "Name": "Accept-Ranges",
          "Value": "bytes"
        },
        {
          "Name": "Cache-Control",
          "Value": "no-cache"
        },
        {
          "Name": "Content-Encoding",
          "Value": "gzip"
        },
        {
          "Name": "Content-Length",
          "Value": "12779"
        },
        {
          "Name": "Content-Type",
          "Value": "text/javascript"
        },
        {
          "Name": "ETag",
          "Value": "\"Yh4I6am6IeYfiSTuhS6DD0YhVa+V0FfTYmKkJxj9HzA=\""
        },
        {
          "Name": "ETag",
          "Value": "W/\"3D9ZIMLXc5uYJ1swDgdR0grTC73lI5EyfXjoXtitIHQ=\""
        },
        {
          "Name": "Last-Modified",
          "Value": "Sun, 20 Apr 2025 14:00:42 GMT"
        },
        {
          "Name": "Vary",
          "Value": "Content-Encoding"
        }
      ],
      "EndpointProperties": [
        {
          "Name": "integrity",
          "Value": "sha256-3D9ZIMLXc5uYJ1swDgdR0grTC73lI5EyfXjoXtitIHQ="
        }
      ]
    },
    {
      "Route": "main.15dda17df953cf76f6c1.js",
      "AssetFile": "main.15dda17df953cf76f6c1.js.br",
      "Selectors": [
        {
          "Name": "Content-Encoding",
          "Value": "br",
          "Quality": "0.000090628965"
        }
      ],
      "ResponseHeaders": [
        {
          "Name": "Accept-Ranges",
          "Value": "bytes"
        },
        {
          "Name": "Cache-Control",
          "Value": "no-cache"
        },
        {
          "Name": "Content-Encoding",
          "Value": "br"
        },
        {
          "Name": "Content-Length",
          "Value": "11033"
        },
        {
          "Name": "Content-Type",
          "Value": "text/javascript"
        },
        {
          "Name": "ETag",
          "Value": "\"fp1Q+jiNm11nMaS1sUcnvbo4AXv08lrTj/QLqUM5Bm8=\""
        },
        {
          "Name": "ETag",
          "Value": "W/\"3D9ZIMLXc5uYJ1swDgdR0grTC73lI5EyfXjoXtitIHQ=\""
        },
        {
          "Name": "Last-Modified",
          "Value": "Sun, 20 Apr 2025 14:00:42 GMT"
        },
        {
          "Name": "Vary",
          "Value": "Content-Encoding"
        }
      ],
      "EndpointProperties": [
        {
          "Name": "integrity",
          "Value": "sha256-3D9ZIMLXc5uYJ1swDgdR0grTC73lI5EyfXjoXtitIHQ="
        }
      ]
    },
    {
      "Route": "main.15dda17df953cf76f6c1.js",
      "AssetFile": "main.15dda17df953cf76f6c1.js",
      "Selectors": [],
      "ResponseHeaders": [
        {
          "Name": "Accept-Ranges",
          "Value": "bytes"
        },
        {
          "Name": "Cache-Control",
          "Value": "no-cache"
        },
        {
          "Name": "Content-Length",
          "Value": "54126"
        },
        {
          "Name": "Content-Type",
          "Value": "text/javascript"
        },
        {
          "Name": "ETag",
          "Value": "\"3D9ZIMLXc5uYJ1swDgdR0grTC73lI5EyfXjoXtitIHQ=\""
        },
        {
          "Name": "Last-Modified",
          "Value": "Sun, 20 Apr 2025 14:00:42 GMT"
        }
      ],
      "EndpointProperties": [
        {
          "Name": "integrity",
          "Value": "sha256-3D9ZIMLXc5uYJ1swDgdR0grTC73lI5EyfXjoXtitIHQ="
        }
      ]
    },
    {
      "Route": "main.15dda17df953cf76f6c1.js.br",
      "AssetFile": "main.15dda17df953cf76f6c1.js.br",
      "Selectors": [],
      "ResponseHeaders": [
        {
          "Name": "Accept-Ranges",
          "Value": "bytes"
        },
        {
          "Name": "Cache-Control",
          "Value": "no-cache"
        },
        {
          "Name": "Content-Encoding",
          "Value": "br"
        },
        {
          "Name": "Content-Length",
          "Value": "11033"
        },
        {
          "Name": "Content-Type",
          "Value": "text/javascript"
        },
        {
          "Name": "ETag",
          "Value": "\"fp1Q+jiNm11nMaS1sUcnvbo4AXv08lrTj/QLqUM5Bm8=\""
        },
        {
          "Name": "Last-Modified",
          "Value": "Sun, 20 Apr 2025 14:00:42 GMT"
        },
        {
          "Name": "Vary",
          "Value": "Content-Encoding"
        }
      ],
      "EndpointProperties": [
        {
          "Name": "integrity",
          "Value": "sha256-fp1Q+jiNm11nMaS1sUcnvbo4AXv08lrTj/QLqUM5Bm8="
        }
      ]
    },
    {
      "Route": "main.15dda17df953cf76f6c1.js.gz",
      "AssetFile": "main.15dda17df953cf76f6c1.js.gz",
      "Selectors": [],
      "ResponseHeaders": [
        {
          "Name": "Accept-Ranges",
          "Value": "bytes"
        },
        {
          "Name": "Cache-Control",
          "Value": "no-cache"
        },
        {
          "Name": "Content-Encoding",
          "Value": "gzip"
        },
        {
          "Name": "Content-Length",
          "Value": "12779"
        },
        {
          "Name": "Content-Type",
          "Value": "text/javascript"
        },
        {
          "Name": "ETag",
          "Value": "\"Yh4I6am6IeYfiSTuhS6DD0YhVa+V0FfTYmKkJxj9HzA=\""
        },
        {
          "Name": "Last-Modified",
          "Value": "Sun, 20 Apr 2025 14:00:42 GMT"
        },
        {
          "Name": "Vary",
          "Value": "Content-Encoding"
        }
      ],
      "EndpointProperties": [
        {
          "Name": "integrity",
          "Value": "sha256-Yh4I6am6IeYfiSTuhS6DD0YhVa+V0FfTYmKkJxj9HzA="
        }
      ]
    },
    {
      "Route": "main.15dda17df953cf76f6c1.wpcjltjo6s.js",
      "AssetFile": "main.15dda17df953cf76f6c1.js.gz",
      "Selectors": [
        {
          "Name": "Content-Encoding",
          "Value": "gzip",
          "Quality": "0.000078247261"
        }
      ],
      "ResponseHeaders": [
        {
          "Name": "Accept-Ranges",
          "Value": "bytes"
        },
        {
          "Name": "Cache-Control",
          "Value": "max-age=31536000, immutable"
        },
        {
          "Name": "Content-Encoding",
          "Value": "gzip"
        },
        {
          "Name": "Content-Length",
          "Value": "12779"
        },
        {
          "Name": "Content-Type",
          "Value": "text/javascript"
        },
        {
          "Name": "ETag",
          "Value": "\"Yh4I6am6IeYfiSTuhS6DD0YhVa+V0FfTYmKkJxj9HzA=\""
        },
        {
          "Name": "ETag",
          "Value": "W/\"3D9ZIMLXc5uYJ1swDgdR0grTC73lI5EyfXjoXtitIHQ=\""
        },
        {
          "Name": "Last-Modified",
          "Value": "Sun, 20 Apr 2025 14:00:42 GMT"
        },
        {
          "Name": "Vary",
          "Value": "Content-Encoding"
        }
      ],
      "EndpointProperties": [
        {
          "Name": "fingerprint",
          "Value": "wpcjltjo6s"
        },
        {
          "Name": "integrity",
          "Value": "sha256-3D9ZIMLXc5uYJ1swDgdR0grTC73lI5EyfXjoXtitIHQ="
        },
        {
          "Name": "label",
          "Value": "main.15dda17df953cf76f6c1.js"
        }
      ]
    },
    {
      "Route": "main.15dda17df953cf76f6c1.wpcjltjo6s.js",
      "AssetFile": "main.15dda17df953cf76f6c1.js.br",
      "Selectors": [
        {
          "Name": "Content-Encoding",
          "Value": "br",
          "Quality": "0.000090628965"
        }
      ],
      "ResponseHeaders": [
        {
          "Name": "Accept-Ranges",
          "Value": "bytes"
        },
        {
          "Name": "Cache-Control",
          "Value": "max-age=31536000, immutable"
        },
        {
          "Name": "Content-Encoding",
          "Value": "br"
        },
        {
          "Name": "Content-Length",
          "Value": "11033"
        },
        {
          "Name": "Content-Type",
          "Value": "text/javascript"
        },
        {
          "Name": "ETag",
          "Value": "\"fp1Q+jiNm11nMaS1sUcnvbo4AXv08lrTj/QLqUM5Bm8=\""
        },
        {
          "Name": "ETag",
          "Value": "W/\"3D9ZIMLXc5uYJ1swDgdR0grTC73lI5EyfXjoXtitIHQ=\""
        },
        {
          "Name": "Last-Modified",
          "Value": "Sun, 20 Apr 2025 14:00:42 GMT"
        },
        {
          "Name": "Vary",
          "Value": "Content-Encoding"
        }
      ],
      "EndpointProperties": [
        {
          "Name": "fingerprint",
          "Value": "wpcjltjo6s"
        },
        {
          "Name": "integrity",
          "Value": "sha256-3D9ZIMLXc5uYJ1swDgdR0grTC73lI5EyfXjoXtitIHQ="
        },
        {
          "Name": "label",
          "Value": "main.15dda17df953cf76f6c1.js"
        }
      ]
    },
    {
      "Route": "main.15dda17df953cf76f6c1.wpcjltjo6s.js",
      "AssetFile": "main.15dda17df953cf76f6c1.js",
      "Selectors": [],
      "ResponseHeaders": [
        {
          "Name": "Accept-Ranges",
          "Value": "bytes"
        },
        {
          "Name": "Cache-Control",
          "Value": "max-age=31536000, immutable"
        },
        {
          "Name": "Content-Length",
          "Value": "54126"
        },
        {
          "Name": "Content-Type",
          "Value": "text/javascript"
        },
        {
          "Name": "ETag",
          "Value": "\"3D9ZIMLXc5uYJ1swDgdR0grTC73lI5EyfXjoXtitIHQ=\""
        },
        {
          "Name": "Last-Modified",
          "Value": "Sun, 20 Apr 2025 14:00:42 GMT"
        }
      ],
      "EndpointProperties": [
        {
          "Name": "fingerprint",
          "Value": "wpcjltjo6s"
        },
        {
          "Name": "integrity",
          "Value": "sha256-3D9ZIMLXc5uYJ1swDgdR0grTC73lI5EyfXjoXtitIHQ="
        },
        {
          "Name": "label",
          "Value": "main.15dda17df953cf76f6c1.js"
        }
      ]
    },
    {
      "Route": "main.15dda17df953cf76f6c1.wpcjltjo6s.js.br",
      "AssetFile": "main.15dda17df953cf76f6c1.js.br",
      "Selectors": [],
      "ResponseHeaders": [
        {
          "Name": "Accept-Ranges",
          "Value": "bytes"
        },
        {
          "Name": "Cache-Control",
          "Value": "max-age=31536000, immutable"
        },
        {
          "Name": "Content-Encoding",
          "Value": "br"
        },
        {
          "Name": "Content-Length",
          "Value": "11033"
        },
        {
          "Name": "Content-Type",
          "Value": "text/javascript"
        },
        {
          "Name": "ETag",
          "Value": "\"fp1Q+jiNm11nMaS1sUcnvbo4AXv08lrTj/QLqUM5Bm8=\""
        },
        {
          "Name": "Last-Modified",
          "Value": "Sun, 20 Apr 2025 14:00:42 GMT"
        },
        {
          "Name": "Vary",
          "Value": "Content-Encoding"
        }
      ],
      "EndpointProperties": [
        {
          "Name": "fingerprint",
          "Value": "wpcjltjo6s"
        },
        {
          "Name": "integrity",
          "Value": "sha256-fp1Q+jiNm11nMaS1sUcnvbo4AXv08lrTj/QLqUM5Bm8="
        },
        {
          "Name": "label",
          "Value": "main.15dda17df953cf76f6c1.js.br"
        }
      ]
    },
    {
      "Route": "main.15dda17df953cf76f6c1.wpcjltjo6s.js.gz",
      "AssetFile": "main.15dda17df953cf76f6c1.js.gz",
      "Selectors": [],
      "ResponseHeaders": [
        {
          "Name": "Accept-Ranges",
          "Value": "bytes"
        },
        {
          "Name": "Cache-Control",
          "Value": "max-age=31536000, immutable"
        },
        {
          "Name": "Content-Encoding",
          "Value": "gzip"
        },
        {
          "Name": "Content-Length",
          "Value": "12779"
        },
        {
          "Name": "Content-Type",
          "Value": "text/javascript"
        },
        {
          "Name": "ETag",
          "Value": "\"Yh4I6am6IeYfiSTuhS6DD0YhVa+V0FfTYmKkJxj9HzA=\""
        },
        {
          "Name": "Last-Modified",
          "Value": "Sun, 20 Apr 2025 14:00:42 GMT"
        },
        {
          "Name": "Vary",
          "Value": "Content-Encoding"
        }
      ],
      "EndpointProperties": [
        {
          "Name": "fingerprint",
          "Value": "wpcjltjo6s"
        },
        {
          "Name": "integrity",
          "Value": "sha256-Yh4I6am6IeYfiSTuhS6DD0YhVa+V0FfTYmKkJxj9HzA="
        },
        {
          "Name": "label",
          "Value": "main.15dda17df953cf76f6c1.js.gz"
        }
      ]
    },
    {
      "Route": "runtime.502bb50d223250904c71.js",
      "AssetFile": "runtime.502bb50d223250904c71.js.gz",
      "Selectors": [
        {
          "Name": "Content-Encoding",
          "Value": "gzip",
          "Quality": "0.001199040767"
        }
      ],
      "ResponseHeaders": [
        {
          "Name": "Accept-Ranges",
          "Value": "bytes"
        },
        {
          "Name": "Cache-Control",
          "Value": "no-cache"
        },
        {
          "Name": "Content-Encoding",
          "Value": "gzip"
        },
        {
          "Name": "Content-Length",
          "Value": "833"
        },
        {
          "Name": "Content-Type",
          "Value": "text/javascript"
        },
        {
          "Name": "ETag",
          "Value": "\"EaaKrF8j/SWJOc+/aLtJGu5fPmJeojeHs3zW9VhM6Aw=\""
        },
        {
          "Name": "ETag",
          "Value": "W/\"OGT0IU5JByFHSBgARhojs8rZOt7VgdNy+4GMPvqPrkg=\""
        },
        {
          "Name": "Last-Modified",
          "Value": "Sun, 20 Apr 2025 14:00:42 GMT"
        },
        {
          "Name": "Vary",
          "Value": "Content-Encoding"
        }
      ],
      "EndpointProperties": [
        {
          "Name": "integrity",
          "Value": "sha256-OGT0IU5JByFHSBgARhojs8rZOt7VgdNy+4GMPvqPrkg="
        }
      ]
    },
    {
      "Route": "runtime.502bb50d223250904c71.js",
      "AssetFile": "runtime.502bb50d223250904c71.js.br",
      "Selectors": [
        {
          "Name": "Content-Encoding",
          "Value": "br",
          "Quality": "0.001317523057"
        }
      ],
      "ResponseHeaders": [
        {
          "Name": "Accept-Ranges",
          "Value": "bytes"
        },
        {
          "Name": "Cache-Control",
          "Value": "no-cache"
        },
        {
          "Name": "Content-Encoding",
          "Value": "br"
        },
        {
          "Name": "Content-Length",
          "Value": "758"
        },
        {
          "Name": "Content-Type",
          "Value": "text/javascript"
        },
        {
          "Name": "ETag",
          "Value": "\"B8i0llsXesf+yOyGDKMA/FCt9FGsqC11wM3kJzRWH4I=\""
        },
        {
          "Name": "ETag",
          "Value": "W/\"OGT0IU5JByFHSBgARhojs8rZOt7VgdNy+4GMPvqPrkg=\""
        },
        {
          "Name": "Last-Modified",
          "Value": "Sun, 20 Apr 2025 14:00:42 GMT"
        },
        {
          "Name": "Vary",
          "Value": "Content-Encoding"
        }
      ],
      "EndpointProperties": [
        {
          "Name": "integrity",
          "Value": "sha256-OGT0IU5JByFHSBgARhojs8rZOt7VgdNy+4GMPvqPrkg="
        }
      ]
    },
    {
      "Route": "runtime.502bb50d223250904c71.js",
      "AssetFile": "runtime.502bb50d223250904c71.js",
      "Selectors": [],
      "ResponseHeaders": [
        {
          "Name": "Accept-Ranges",
          "Value": "bytes"
        },
        {
          "Name": "Cache-Control",
          "Value": "no-cache"
        },
        {
          "Name": "Content-Length",
          "Value": "1516"
        },
        {
          "Name": "Content-Type",
          "Value": "text/javascript"
        },
        {
          "Name": "ETag",
          "Value": "\"OGT0IU5JByFHSBgARhojs8rZOt7VgdNy+4GMPvqPrkg=\""
        },
        {
          "Name": "Last-Modified",
          "Value": "Sun, 20 Apr 2025 14:00:42 GMT"
        }
      ],
      "EndpointProperties": [
        {
          "Name": "integrity",
          "Value": "sha256-OGT0IU5JByFHSBgARhojs8rZOt7VgdNy+4GMPvqPrkg="
        }
      ]
    },
    {
      "Route": "runtime.502bb50d223250904c71.js.br",
      "AssetFile": "runtime.502bb50d223250904c71.js.br",
      "Selectors": [],
      "ResponseHeaders": [
        {
          "Name": "Accept-Ranges",
          "Value": "bytes"
        },
        {
          "Name": "Cache-Control",
          "Value": "no-cache"
        },
        {
          "Name": "Content-Encoding",
          "Value": "br"
        },
        {
          "Name": "Content-Length",
          "Value": "758"
        },
        {
          "Name": "Content-Type",
          "Value": "text/javascript"
        },
        {
          "Name": "ETag",
          "Value": "\"B8i0llsXesf+yOyGDKMA/FCt9FGsqC11wM3kJzRWH4I=\""
        },
        {
          "Name": "Last-Modified",
          "Value": "Sun, 20 Apr 2025 14:00:42 GMT"
        },
        {
          "Name": "Vary",
          "Value": "Content-Encoding"
        }
      ],
      "EndpointProperties": [
        {
          "Name": "integrity",
          "Value": "sha256-B8i0llsXesf+yOyGDKMA/FCt9FGsqC11wM3kJzRWH4I="
        }
      ]
    },
    {
      "Route": "runtime.502bb50d223250904c71.js.gz",
      "AssetFile": "runtime.502bb50d223250904c71.js.gz",
      "Selectors": [],
      "ResponseHeaders": [
        {
          "Name": "Accept-Ranges",
          "Value": "bytes"
        },
        {
          "Name": "Cache-Control",
          "Value": "no-cache"
        },
        {
          "Name": "Content-Encoding",
          "Value": "gzip"
        },
        {
          "Name": "Content-Length",
          "Value": "833"
        },
        {
          "Name": "Content-Type",
          "Value": "text/javascript"
        },
        {
          "Name": "ETag",
          "Value": "\"EaaKrF8j/SWJOc+/aLtJGu5fPmJeojeHs3zW9VhM6Aw=\""
        },
        {
          "Name": "Last-Modified",
          "Value": "Sun, 20 Apr 2025 14:00:42 GMT"
        },
        {
          "Name": "Vary",
          "Value": "Content-Encoding"
        }
      ],
      "EndpointProperties": [
        {
          "Name": "integrity",
          "Value": "sha256-EaaKrF8j/SWJOc+/aLtJGu5fPmJeojeHs3zW9VhM6Aw="
        }
      ]
    },
    {
      "Route": "runtime.502bb50d223250904c71.kddioewhzl.js",
      "AssetFile": "runtime.502bb50d223250904c71.js.gz",
      "Selectors": [
        {
          "Name": "Content-Encoding",
          "Value": "gzip",
          "Quality": "0.001199040767"
        }
      ],
      "ResponseHeaders": [
        {
          "Name": "Accept-Ranges",
          "Value": "bytes"
        },
        {
          "Name": "Cache-Control",
          "Value": "max-age=31536000, immutable"
        },
        {
          "Name": "Content-Encoding",
          "Value": "gzip"
        },
        {
          "Name": "Content-Length",
          "Value": "833"
        },
        {
          "Name": "Content-Type",
          "Value": "text/javascript"
        },
        {
          "Name": "ETag",
          "Value": "\"EaaKrF8j/SWJOc+/aLtJGu5fPmJeojeHs3zW9VhM6Aw=\""
        },
        {
          "Name": "ETag",
          "Value": "W/\"OGT0IU5JByFHSBgARhojs8rZOt7VgdNy+4GMPvqPrkg=\""
        },
        {
          "Name": "Last-Modified",
          "Value": "Sun, 20 Apr 2025 14:00:42 GMT"
        },
        {
          "Name": "Vary",
          "Value": "Content-Encoding"
        }
      ],
      "EndpointProperties": [
        {
          "Name": "fingerprint",
          "Value": "kddioewhzl"
        },
        {
          "Name": "integrity",
          "Value": "sha256-OGT0IU5JByFHSBgARhojs8rZOt7VgdNy+4GMPvqPrkg="
        },
        {
          "Name": "label",
          "Value": "runtime.502bb50d223250904c71.js"
        }
      ]
    },
    {
      "Route": "runtime.502bb50d223250904c71.kddioewhzl.js",
      "AssetFile": "runtime.502bb50d223250904c71.js.br",
      "Selectors": [
        {
          "Name": "Content-Encoding",
          "Value": "br",
          "Quality": "0.001317523057"
        }
      ],
      "ResponseHeaders": [
        {
          "Name": "Accept-Ranges",
          "Value": "bytes"
        },
        {
          "Name": "Cache-Control",
          "Value": "max-age=31536000, immutable"
        },
        {
          "Name": "Content-Encoding",
          "Value": "br"
        },
        {
          "Name": "Content-Length",
          "Value": "758"
        },
        {
          "Name": "Content-Type",
          "Value": "text/javascript"
        },
        {
          "Name": "ETag",
          "Value": "\"B8i0llsXesf+yOyGDKMA/FCt9FGsqC11wM3kJzRWH4I=\""
        },
        {
          "Name": "ETag",
          "Value": "W/\"OGT0IU5JByFHSBgARhojs8rZOt7VgdNy+4GMPvqPrkg=\""
        },
        {
          "Name": "Last-Modified",
          "Value": "Sun, 20 Apr 2025 14:00:42 GMT"
        },
        {
          "Name": "Vary",
          "Value": "Content-Encoding"
        }
      ],
      "EndpointProperties": [
        {
          "Name": "fingerprint",
          "Value": "kddioewhzl"
        },
        {
          "Name": "integrity",
          "Value": "sha256-OGT0IU5JByFHSBgARhojs8rZOt7VgdNy+4GMPvqPrkg="
        },
        {
          "Name": "label",
          "Value": "runtime.502bb50d223250904c71.js"
        }
      ]
    },
    {
      "Route": "runtime.502bb50d223250904c71.kddioewhzl.js",
      "AssetFile": "runtime.502bb50d223250904c71.js",
      "Selectors": [],
      "ResponseHeaders": [
        {
          "Name": "Accept-Ranges",
          "Value": "bytes"
        },
        {
          "Name": "Cache-Control",
          "Value": "max-age=31536000, immutable"
        },
        {
          "Name": "Content-Length",
          "Value": "1516"
        },
        {
          "Name": "Content-Type",
          "Value": "text/javascript"
        },
        {
          "Name": "ETag",
          "Value": "\"OGT0IU5JByFHSBgARhojs8rZOt7VgdNy+4GMPvqPrkg=\""
        },
        {
          "Name": "Last-Modified",
          "Value": "Sun, 20 Apr 2025 14:00:42 GMT"
        }
      ],
      "EndpointProperties": [
        {
          "Name": "fingerprint",
          "Value": "kddioewhzl"
        },
        {
          "Name": "integrity",
          "Value": "sha256-OGT0IU5JByFHSBgARhojs8rZOt7VgdNy+4GMPvqPrkg="
        },
        {
          "Name": "label",
          "Value": "runtime.502bb50d223250904c71.js"
        }
      ]
    },
    {
      "Route": "runtime.502bb50d223250904c71.kddioewhzl.js.br",
      "AssetFile": "runtime.502bb50d223250904c71.js.br",
      "Selectors": [],
      "ResponseHeaders": [
        {
          "Name": "Accept-Ranges",
          "Value": "bytes"
        },
        {
          "Name": "Cache-Control",
          "Value": "max-age=31536000, immutable"
        },
        {
          "Name": "Content-Encoding",
          "Value": "br"
        },
        {
          "Name": "Content-Length",
          "Value": "758"
        },
        {
          "Name": "Content-Type",
          "Value": "text/javascript"
        },
        {
          "Name": "ETag",
          "Value": "\"B8i0llsXesf+yOyGDKMA/FCt9FGsqC11wM3kJzRWH4I=\""
        },
        {
          "Name": "Last-Modified",
          "Value": "Sun, 20 Apr 2025 14:00:42 GMT"
        },
        {
          "Name": "Vary",
          "Value": "Content-Encoding"
        }
      ],
      "EndpointProperties": [
        {
          "Name": "fingerprint",
          "Value": "kddioewhzl"
        },
        {
          "Name": "integrity",
          "Value": "sha256-B8i0llsXesf+yOyGDKMA/FCt9FGsqC11wM3kJzRWH4I="
        },
        {
          "Name": "label",
          "Value": "runtime.502bb50d223250904c71.js.br"
        }
      ]
    },
    {
      "Route": "runtime.502bb50d223250904c71.kddioewhzl.js.gz",
      "AssetFile": "runtime.502bb50d223250904c71.js.gz",
      "Selectors": [],
      "ResponseHeaders": [
        {
          "Name": "Accept-Ranges",
          "Value": "bytes"
        },
        {
          "Name": "Cache-Control",
          "Value": "max-age=31536000, immutable"
        },
        {
          "Name": "Content-Encoding",
          "Value": "gzip"
        },
        {
          "Name": "Content-Length",
          "Value": "833"
        },
        {
          "Name": "Content-Type",
          "Value": "text/javascript"
        },
        {
          "Name": "ETag",
          "Value": "\"EaaKrF8j/SWJOc+/aLtJGu5fPmJeojeHs3zW9VhM6Aw=\""
        },
        {
          "Name": "Last-Modified",
          "Value": "Sun, 20 Apr 2025 14:00:42 GMT"
        },
        {
          "Name": "Vary",
          "Value": "Content-Encoding"
        }
      ],
      "EndpointProperties": [
        {
          "Name": "fingerprint",
          "Value": "kddioewhzl"
        },
        {
          "Name": "integrity",
          "Value": "sha256-EaaKrF8j/SWJOc+/aLtJGu5fPmJeojeHs3zW9VhM6Aw="
        },
        {
          "Name": "label",
          "Value": "runtime.502bb50d223250904c71.js.gz"
        }
      ]
    }
  ]
}