﻿<?xml version="1.0" encoding="utf-8"?>
<deployment>
  <id>6c7d68d52a824c969559d70691d0bcaa</id>
  <author>N/A</author>
  <deployer>ZipDeploy</deployer>
  <authorEmail>N/A</authorEmail>
  <message>Created via a push deployment</message>
  <progress></progress>
  <status>Success</status>
  <statusText></statusText>
  <lastSuccessEndTime>2025-10-08T00:48:33.5599621Z</lastSuccessEndTime>
  <receivedTime>2025-10-08T00:48:28.1472703Z</receivedTime>
  <startTime>2025-10-08T00:48:28.2566514Z</startTime>
  <endTime>2025-10-08T00:48:33.5599621Z</endTime>
  <complete>True</complete>
  <is_temp>False</is_temp>
  <is_readonly>True</is_readonly>
  <project_type>BASIC</project_type>
  <vsproject_id></vsproject_id>
</deployment>