{"TimeStamp":"2025-11-11T22:28:22Z","SiteName":"PoTicTac","RequestId":"c7b206e8-0d15-bb30-1cd6-d3184c2dc9a6","Kind":"ZipDeploy","Status":"Success","Details":"{\"Id\":\"5e87de96148741c7a943cc17b12c80b7\",\"Status\":4,\"StatusText\":\"\",\"AuthorEmail\":\"N/A\",\"Author\":\"N/A\",\"Message\":\"Created via a push deployment\",\"Progress\":\"\",\"Deployer\":\"ZipDeploy\",\"ReceivedTime\":\"2025-11-11T22:28:19.0274382Z\",\"StartTime\":\"2025-11-11T22:28:19.1368324Z\",\"EndTime\":\"2025-11-11T22:28:22.7781963Z\",\"LastSuccessEndTime\":\"2025-11-11T22:28:22.7781963Z\",\"Complete\":true,\"IsTemporary\":false,\"IsReadOnly\":true,\"SiteName\":\"PoTicTac\",\"HostName\":\"potictac.scm.azurewebsites.net\",\"ProjectType\":\"BASIC\",\"VsProjectId\":null}"}