﻿<?xml version="1.0" encoding="utf-8"?>
<deployment>
  <id>5db4e29796a54c058539139cc117720f</id>
  <author>N/A</author>
  <deployer>ZipDeploy</deployer>
  <authorEmail>N/A</authorEmail>
  <message>Created via a push deployment</message>
  <progress></progress>
  <status>Success</status>
  <statusText></statusText>
  <lastSuccessEndTime>2025-10-08T00:51:19.2926529Z</lastSuccessEndTime>
  <receivedTime>2025-10-08T00:51:15.6663183Z</receivedTime>
  <startTime>2025-10-08T00:51:15.7913208Z</startTime>
  <endTime>2025-10-08T00:51:19.2926529Z</endTime>
  <complete>True</complete>
  <is_temp>False</is_temp>
  <is_readonly>True</is_readonly>
  <project_type>BASIC</project_type>
  <vsproject_id></vsproject_id>
</deployment>