<Events><Event><System><Provider Name="IIS AspNetCore Module V2"/><EventID>1032</EventID><Level>4</Level><Task>0</Task><Keywords>Keywords</Keywords><TimeCreated SystemTime="2025-10-07T22:38:45Z"/><EventRecordID>-1852114453</EventRecordID><Channel>Application</Channel><Computer>WEBWK000002</Computer><Security/></System><EventData><Data>Application 'C:\home\site\wwwroot\' started successfully.</Data><Data>Process Id: 2820.</Data><Data>File Version: 19.0.25119.5. Description: IIS ASP.NET Core Module V2 Request Handler. Commit: </Data></EventData></Event><Event><System><Provider Name="IIS AspNetCore Module V2"/><EventID>1033</EventID><Level>4</Level><Task>0</Task><Keywords>Keywords</Keywords><TimeCreated SystemTime="2025-10-07T22:59:44Z"/><EventRecordID>-1850855812</EventRecordID><Channel>Application</Channel><Computer>WEBWK000002</Computer><Security/></System><EventData><Data>Application 'MACHINE/WEBROOT/APPHOST/POTICTAC' has shutdown.</Data><Data>Process Id: 2820.</Data><Data>File Version: 19.0.25119.5. Description: IIS ASP.NET Core Module V2 Request Handler. Commit: </Data></EventData></Event><Event><System><Provider Name="IIS AspNetCore Module V2"/><EventID>1032</EventID><Level>4</Level><Task>0</Task><Keywords>Keywords</Keywords><TimeCreated SystemTime="2025-10-08T00:08:55Z"/><EventRecordID>-1846704718</EventRecordID><Channel>Application</Channel><Computer>WEBWK000002</Computer><Security/></System><EventData><Data>Application 'C:\home\site\wwwroot\' started successfully.</Data><Data>Process Id: 6076.</Data><Data>File Version: 19.0.25119.5. Description: IIS ASP.NET Core Module V2 Request Handler. Commit: </Data></EventData></Event><Event><System><Provider Name="IIS AspNetCore Module V2"/><EventID>1033</EventID><Level>4</Level><Task>0</Task><Keywords>Keywords</Keywords><TimeCreated SystemTime="2025-10-08T00:29:53Z"/><EventRecordID>-1845446015</EventRecordID><Channel>Application</Channel><Computer>WEBWK000002</Computer><Security/></System><EventData><Data>Application 'MACHINE/WEBROOT/APPHOST/POTICTAC' has shutdown.</Data><Data>Process Id: 6076.</Data><Data>File Version: 19.0.25119.5. Description: IIS ASP.NET Core Module V2 Request Handler. Commit: </Data></EventData></Event><Event><System><Provider Name="IIS AspNetCore Module V2"/><EventID>1032</EventID><Level>4</Level><Task>0</Task><Keywords>Keywords</Keywords><TimeCreated SystemTime="2025-10-08T00:30:37Z"/><EventRecordID>-1845402781</EventRecordID><Channel>Application</Channel><Computer>WEBWK000002</Computer><Security/></System><EventData><Data>Application 'C:\home\site\wwwroot\' started successfully.</Data><Data>Process Id: 6980.</Data><Data>File Version: 19.0.25119.5. Description: IIS ASP.NET Core Module V2 Request Handler. Commit: </Data></EventData></Event><Event><System><Provider Name="IIS AspNetCore Module V2"/><EventID>1033</EventID><Level>4</Level><Task>0</Task><Keywords>Keywords</Keywords><TimeCreated SystemTime="2025-10-08T00:35:14Z"/><EventRecordID>-1845125375</EventRecordID><Channel>Application</Channel><Computer>WEBWK000002</Computer><Security/></System><EventData><Data>Application 'MACHINE/WEBROOT/APPHOST/POTICTAC' has shutdown.</Data><Data>Process Id: 6980.</Data><Data>File Version: 19.0.25119.5. Description: IIS ASP.NET Core Module V2 Request Handler. Commit: </Data></EventData></Event><Event><System><Provider Name="IIS AspNetCore Module V2"/><EventID>1032</EventID><Level>4</Level><Task>0</Task><Keywords>Keywords</Keywords><TimeCreated SystemTime="2025-10-08T00:41:58Z"/><EventRecordID>-1844721859</EventRecordID><Channel>Application</Channel><Computer>WEBWK000002</Computer><Security/></System><EventData><Data>Application 'C:\home\site\wwwroot\' started successfully.</Data><Data>Process Id: 10916.</Data><Data>File Version: 19.0.25119.5. Description: IIS ASP.NET Core Module V2 Request Handler. Commit: </Data></EventData></Event><Event><System><Provider Name="IIS AspNetCore Module V2"/><EventID>1012</EventID><Level>4</Level><Task>0</Task><Keywords>Keywords</Keywords><TimeCreated SystemTime="2025-10-08T00:48:28Z"/><EventRecordID>-1844331250</EventRecordID><Channel>Application</Channel><Computer>WEBWK000002</Computer><Security/></System><EventData><Data>Application 'C:\home\site\wwwroot\' was recycled after detecting app_offline.htm.</Data><Data>Process Id: 10916.</Data><Data>File Version: 19.0.25119.5. Description: IIS ASP.NET Core Module V2 Request Handler. Commit: </Data></EventData></Event><Event><System><Provider Name="IIS AspNetCore Module V2"/><EventID>1033</EventID><Level>4</Level><Task>0</Task><Keywords>Keywords</Keywords><TimeCreated SystemTime="2025-10-08T00:48:28Z"/><EventRecordID>-1844331171</EventRecordID><Channel>Application</Channel><Computer>WEBWK000002</Computer><Security/></System><EventData><Data>Application 'MACHINE/WEBROOT/APPHOST/POTICTAC' has shutdown.</Data><Data>Process Id: 10916.</Data><Data>File Version: 19.0.25119.5. Description: IIS ASP.NET Core Module V2 Request Handler. Commit: </Data></EventData></Event><Event><System><Provider Name="IIS AspNetCore Module V2"/><EventID>1032</EventID><Level>4</Level><Task>0</Task><Keywords>Keywords</Keywords><TimeCreated SystemTime="2025-10-08T01:59:55Z"/><EventRecordID>-1840044718</EventRecordID><Channel>Application</Channel><Computer>WEBWK000002</Computer><Security/></System><EventData><Data>Application 'C:\home\site\wwwroot\' started successfully.</Data><Data>Process Id: 9264.</Data><Data>File Version: 19.0.25119.5. Description: IIS ASP.NET Core Module V2 Request Handler. Commit: </Data></EventData></Event><Event><System><Provider Name="IIS AspNetCore Module V2"/><EventID>1033</EventID><Level>4</Level><Task>0</Task><Keywords>Keywords</Keywords><TimeCreated SystemTime="2025-10-08T02:20:53Z"/><EventRecordID>-1838786593</EventRecordID><Channel>Application</Channel><Computer>WEBWK000002</Computer><Security/></System><EventData><Data>Application 'MACHINE/WEBROOT/APPHOST/POTICTAC' has shutdown.</Data><Data>Process Id: 9264.</Data><Data>File Version: 19.0.25119.5. Description: IIS ASP.NET Core Module V2 Request Handler. Commit: </Data></EventData></Event><Event><System><Provider Name="IIS AspNetCore Module V2"/><EventID>1032</EventID><Level>4</Level><Task>0</Task><Keywords>Keywords</Keywords><TimeCreated SystemTime="2025-10-17T16:00:33Z"/><EventRecordID>-1012016109</EventRecordID><Channel>Application</Channel><Computer>WEBWK000002</Computer><Security/></System><EventData><Data>Application 'C:\home\site\wwwroot\' started successfully.</Data><Data>Process Id: 8176.</Data><Data>File Version: 19.0.25119.5. Description: IIS ASP.NET Core Module V2 Request Handler. Commit: </Data></EventData></Event><Event><System><Provider Name="IIS AspNetCore Module V2"/><EventID>1033</EventID><Level>4</Level><Task>0</Task><Keywords>Keywords</Keywords><TimeCreated SystemTime="2025-10-17T16:21:30Z"/><EventRecordID>-1010759281</EventRecordID><Channel>Application</Channel><Computer>WEBWK000002</Computer><Security/></System><EventData><Data>Application 'MACHINE/WEBROOT/APPHOST/POTICTAC' has shutdown.</Data><Data>Process Id: 8176.</Data><Data>File Version: 19.0.25119.5. Description: IIS ASP.NET Core Module V2 Request Handler. Commit: </Data></EventData></Event><Event><System><Provider Name="IIS AspNetCore Module V2"/><EventID>1032</EventID><Level>4</Level><Task>0</Task><Keywords>Keywords</Keywords><TimeCreated SystemTime="2025-10-29T00:18:40Z"/><EventRecordID>678930328</EventRecordID><Channel>Application</Channel><Computer>WEBWK000000</Computer><Security/></System><EventData><Data>Application 'C:\home\site\wwwroot\' started successfully.</Data><Data>Process Id: 5284.</Data><Data>File Version: 19.0.25119.5. Description: IIS ASP.NET Core Module V2 Request Handler. Commit: </Data></EventData></Event><Event><System><Provider Name="IIS AspNetCore Module V2"/><EventID>1033</EventID><Level>4</Level><Task>0</Task><Keywords>Keywords</Keywords><TimeCreated SystemTime="2025-10-29T00:41:35Z"/><EventRecordID>680306062</EventRecordID><Channel>Application</Channel><Computer>WEBWK000000</Computer><Security/></System><EventData><Data>Application 'MACHINE/WEBROOT/APPHOST/POTICTAC' has shutdown.</Data><Data>Process Id: 5284.</Data><Data>File Version: 19.0.25119.5. Description: IIS ASP.NET Core Module V2 Request Handler. Commit: </Data></EventData></Event><Event><System><Provider Name="IIS AspNetCore Module V2"/><EventID>1032</EventID><Level>4</Level><Task>0</Task><Keywords>Keywords</Keywords><TimeCreated SystemTime="2025-10-30T00:34:23Z"/><EventRecordID>766272765</EventRecordID><Channel>Application</Channel><Computer>WEBWK000000</Computer><Security/></System><EventData><Data>Application 'C:\home\site\wwwroot\' started successfully.</Data><Data>Process Id: 8600.</Data><Data>File Version: 19.0.25119.5. Description: IIS ASP.NET Core Module V2 Request Handler. Commit: </Data></EventData></Event><Event><System><Provider Name="IIS AspNetCore Module V2"/><EventID>1033</EventID><Level>4</Level><Task>0</Task><Keywords>Keywords</Keywords><TimeCreated SystemTime="2025-10-30T01:01:22Z"/><EventRecordID>767891562</EventRecordID><Channel>Application</Channel><Computer>WEBWK000000</Computer><Security/></System><EventData><Data>Application 'MACHINE/WEBROOT/APPHOST/POTICTAC' has shutdown.</Data><Data>Process Id: 8600.</Data><Data>File Version: 19.0.25119.5. Description: IIS ASP.NET Core Module V2 Request Handler. Commit: </Data></EventData></Event><Event><System><Provider Name="IIS AspNetCore Module V2"/><EventID>1032</EventID><Level>4</Level><Task>0</Task><Keywords>Keywords</Keywords><TimeCreated SystemTime="2025-10-31T14:31:11Z"/><EventRecordID>902878031</EventRecordID><Channel>Application</Channel><Computer>WEBWK000000</Computer><Security/></System><EventData><Data>Application 'C:\home\site\wwwroot\' started successfully.</Data><Data>Process Id: 4440.</Data><Data>File Version: 19.0.25119.5. Description: IIS ASP.NET Core Module V2 Request Handler. Commit: </Data></EventData></Event><Event><System><Provider Name="IIS AspNetCore Module V2"/><EventID>1033</EventID><Level>4</Level><Task>0</Task><Keywords>Keywords</Keywords><TimeCreated SystemTime="2025-10-31T14:52:07Z"/><EventRecordID>904134156</EventRecordID><Channel>Application</Channel><Computer>WEBWK000000</Computer><Security/></System><EventData><Data>Application 'MACHINE/WEBROOT/APPHOST/POTICTAC' has shutdown.</Data><Data>Process Id: 4440.</Data><Data>File Version: 19.0.25119.5. Description: IIS ASP.NET Core Module V2 Request Handler. Commit: </Data></EventData></Event><Event><System><Provider Name="IIS AspNetCore Module V2"/><EventID>1032</EventID><Level>4</Level><Task>0</Task><Keywords>Keywords</Keywords><TimeCreated SystemTime="2025-10-31T14:55:11Z"/><EventRecordID>904317843</EventRecordID><Channel>Application</Channel><Computer>WEBWK000000</Computer><Security/></System><EventData><Data>Application 'C:\home\site\wwwroot\' started successfully.</Data><Data>Process Id: 9664.</Data><Data>File Version: 19.0.25119.5. Description: IIS ASP.NET Core Module V2 Request Handler. Commit: </Data></EventData></Event><Event><System><Provider Name="IIS AspNetCore Module V2"/><EventID>1033</EventID><Level>4</Level><Task>0</Task><Keywords>Keywords</Keywords><TimeCreated SystemTime="2025-10-31T15:19:09Z"/><EventRecordID>905756578</EventRecordID><Channel>Application</Channel><Computer>WEBWK000000</Computer><Security/></System><EventData><Data>Application 'MACHINE/WEBROOT/APPHOST/POTICTAC' has shutdown.</Data><Data>Process Id: 9664.</Data><Data>File Version: 19.0.25119.5. Description: IIS ASP.NET Core Module V2 Request Handler. Commit: </Data></EventData></Event><Event><System><Provider Name="IIS AspNetCore Module V2"/><EventID>1032</EventID><Level>4</Level><Task>0</Task><Keywords>Keywords</Keywords><TimeCreated SystemTime="2025-11-01T03:04:53Z"/><EventRecordID>948099218</EventRecordID><Channel>Application</Channel><Computer>WEBWK000000</Computer><Security/></System><EventData><Data>Application 'C:\home\site\wwwroot\' started successfully.</Data><Data>Process Id: 8648.</Data><Data>File Version: 19.0.25119.5. Description: IIS ASP.NET Core Module V2 Request Handler. Commit: </Data></EventData></Event><Event><System><Provider Name="IIS AspNetCore Module V2"/><EventID>1033</EventID><Level>4</Level><Task>0</Task><Keywords>Keywords</Keywords><TimeCreated SystemTime="2025-11-01T03:26:51Z"/><EventRecordID>949417265</EventRecordID><Channel>Application</Channel><Computer>WEBWK000000</Computer><Security/></System><EventData><Data>Application 'MACHINE/WEBROOT/APPHOST/POTICTAC' has shutdown.</Data><Data>Process Id: 8648.</Data><Data>File Version: 19.0.25119.5. Description: IIS ASP.NET Core Module V2 Request Handler. Commit: </Data></EventData></Event><Event><System><Provider Name="IIS AspNetCore Module V2"/><EventID>1032</EventID><Level>4</Level><Task>0</Task><Keywords>Keywords</Keywords><TimeCreated SystemTime="2025-11-01T19:47:51Z"/><EventRecordID>1008276703</EventRecordID><Channel>Application</Channel><Computer>WEBWK000000</Computer><Security/></System><EventData><Data>Application 'C:\home\site\wwwroot\' started successfully.</Data><Data>Process Id: 5632.</Data><Data>File Version: 19.0.25119.5. Description: IIS ASP.NET Core Module V2 Request Handler. Commit: </Data></EventData></Event><Event><System><Provider Name="IIS AspNetCore Module V2"/><EventID>1033</EventID><Level>4</Level><Task>0</Task><Keywords>Keywords</Keywords><TimeCreated SystemTime="2025-11-01T20:08:50Z"/><EventRecordID>1009535515</EventRecordID><Channel>Application</Channel><Computer>WEBWK000000</Computer><Security/></System><EventData><Data>Application 'MACHINE/WEBROOT/APPHOST/POTICTAC' has shutdown.</Data><Data>Process Id: 5632.</Data><Data>File Version: 19.0.25119.5. Description: IIS ASP.NET Core Module V2 Request Handler. Commit: </Data></EventData></Event><Event><System><Provider Name="IIS AspNetCore Module V2"/><EventID>1032</EventID><Level>4</Level><Task>0</Task><Keywords>Keywords</Keywords><TimeCreated SystemTime="2025-11-05T22:05:36Z"/><EventRecordID>1362136625</EventRecordID><Channel>Application</Channel><Computer>WEBWK000000</Computer><Security/></System><EventData><Data>Application 'C:\home\site\wwwroot\' started successfully.</Data><Data>Process Id: 8452.</Data><Data>File Version: 19.0.25119.5. Description: IIS ASP.NET Core Module V2 Request Handler. Commit: </Data></EventData></Event><Event><System><Provider Name="IIS AspNetCore Module V2"/><EventID>1033</EventID><Level>4</Level><Task>0</Task><Keywords>Keywords</Keywords><TimeCreated SystemTime="2025-11-05T22:26:33Z"/><EventRecordID>1363393187</EventRecordID><Channel>Application</Channel><Computer>WEBWK000000</Computer><Security/></System><EventData><Data>Application 'MACHINE/WEBROOT/APPHOST/POTICTAC' has shutdown.</Data><Data>Process Id: 8452.</Data><Data>File Version: 19.0.25119.5. Description: IIS ASP.NET Core Module V2 Request Handler. Commit: </Data></EventData></Event><Event><System><Provider Name="IIS AspNetCore Module V2"/><EventID>1032</EventID><Level>4</Level><Task>0</Task><Keywords>Keywords</Keywords><TimeCreated SystemTime="2025-11-05T23:11:09Z"/><EventRecordID>1366069328</EventRecordID><Channel>Application</Channel><Computer>WEBWK000000</Computer><Security/></System><EventData><Data>Application 'C:\home\site\wwwroot\' started successfully.</Data><Data>Process Id: 7380.</Data><Data>File Version: 19.0.25119.5. Description: IIS ASP.NET Core Module V2 Request Handler. Commit: </Data></EventData></Event><Event><System><Provider Name="IIS AspNetCore Module V2"/><EventID>1033</EventID><Level>4</Level><Task>0</Task><Keywords>Keywords</Keywords><TimeCreated SystemTime="2025-11-05T23:32:08Z"/><EventRecordID>1367328015</EventRecordID><Channel>Application</Channel><Computer>WEBWK000000</Computer><Security/></System><EventData><Data>Application 'MACHINE/WEBROOT/APPHOST/POTICTAC' has shutdown.</Data><Data>Process Id: 7380.</Data><Data>File Version: 19.0.25119.5. Description: IIS ASP.NET Core Module V2 Request Handler. Commit: </Data></EventData></Event><Event><System><Provider Name="IIS AspNetCore Module V2"/><EventID>1033</EventID><Level>4</Level><Task>0</Task><Keywords>Keywords</Keywords><TimeCreated SystemTime="2025-11-08T20:21:24Z"/><EventRecordID>1615081046</EventRecordID><Channel>Application</Channel><Computer>WEBWK000000</Computer><Security/></System><EventData><Data>Application 'MACHINE/WEBROOT/APPHOST/POTICTAC' has shutdown.</Data><Data>Process Id: 9296.</Data><Data>File Version: 19.0.25119.5. Description: IIS ASP.NET Core Module V2 Request Handler. Commit: </Data></EventData></Event><Event><System><Provider Name="IIS AspNetCore Module V2"/><EventID>1032</EventID><Level>4</Level><Task>0</Task><Keywords>Keywords</Keywords><TimeCreated SystemTime="2025-11-11T21:35:06Z"/><EventRecordID>1878699109</EventRecordID><Channel>Application</Channel><Computer>WEBWK000000</Computer><Security/></System><EventData><Data>Application 'C:\home\site\wwwroot\' started successfully.</Data><Data>Process Id: 10380.</Data><Data>File Version: 19.0.25119.5. Description: IIS ASP.NET Core Module V2 Request Handler. Commit: </Data></EventData></Event><Event><System><Provider Name="IIS AspNetCore Module V2"/><EventID>1033</EventID><Level>4</Level><Task>0</Task><Keywords>Keywords</Keywords><TimeCreated SystemTime="2025-11-11T21:46:57Z"/><EventRecordID>1879409437</EventRecordID><Channel>Application</Channel><Computer>WEBWK000000</Computer><Security/></System><EventData><Data>Application 'MACHINE/WEBROOT/APPHOST/POTICTAC' has shutdown.</Data><Data>Process Id: 10380.</Data><Data>File Version: 19.0.25119.5. Description: IIS ASP.NET Core Module V2 Request Handler. Commit: </Data></EventData></Event><Event><System><Provider Name="IIS AspNetCore Module V2"/><EventID>1032</EventID><Level>4</Level><Task>0</Task><Keywords>Keywords</Keywords><TimeCreated SystemTime="2025-11-11T22:14:02Z"/><EventRecordID>1881034984</EventRecordID><Channel>Application</Channel><Computer>WEBWK000000</Computer><Security/></System><EventData><Data>Application 'C:\home\site\wwwroot\' started successfully.</Data><Data>Process Id: 10656.</Data><Data>File Version: 19.0.25119.5. Description: IIS ASP.NET Core Module V2 Request Handler. Commit: </Data></EventData></Event><Event><System><Provider Name="IIS AspNetCore Module V2"/><EventID>1012</EventID><Level>4</Level><Task>0</Task><Keywords>Keywords</Keywords><TimeCreated SystemTime="2025-11-11T22:17:57Z"/><EventRecordID>1881270281</EventRecordID><Channel>Application</Channel><Computer>WEBWK000000</Computer><Security/></System><EventData><Data>Application 'C:\home\site\wwwroot\' was recycled after detecting app_offline.htm.</Data><Data>Process Id: 10656.</Data><Data>File Version: 19.0.25119.5. Description: IIS ASP.NET Core Module V2 Request Handler. Commit: </Data></EventData></Event><Event><System><Provider Name="IIS AspNetCore Module V2"/><EventID>1033</EventID><Level>4</Level><Task>0</Task><Keywords>Keywords</Keywords><TimeCreated SystemTime="2025-11-11T22:17:57Z"/><EventRecordID>1881270328</EventRecordID><Channel>Application</Channel><Computer>WEBWK000000</Computer><Security/></System><EventData><Data>Application 'MACHINE/WEBROOT/APPHOST/POTICTAC' has shutdown.</Data><Data>Process Id: 10656.</Data><Data>File Version: 19.0.25119.5. Description: IIS ASP.NET Core Module V2 Request Handler. Commit: </Data></EventData></Event><Event><System><Provider Name="IIS AspNetCore Module V2"/><EventID>1032</EventID><Level>4</Level><Task>0</Task><Keywords>Keywords</Keywords><TimeCreated SystemTime="2025-11-11T22:20:46Z"/><EventRecordID>1881438812</EventRecordID><Channel>Application</Channel><Computer>WEBWK000000</Computer><Security/></System><EventData><Data>Application 'C:\home\site\wwwroot\' started successfully.</Data><Data>Process Id: 10008.</Data><Data>File Version: 19.0.25119.5. Description: IIS ASP.NET Core Module V2 Request Handler. Commit: </Data></EventData></Event><Event><System><Provider Name="IIS AspNetCore Module V2"/><EventID>1033</EventID><Level>4</Level><Task>0</Task><Keywords>Keywords</Keywords><TimeCreated SystemTime="2025-11-11T22:22:08Z"/><EventRecordID>1881520906</EventRecordID><Channel>Application</Channel><Computer>WEBWK000000</Computer><Security/></System><EventData><Data>Application 'MACHINE/WEBROOT/APPHOST/POTICTAC' has shutdown.</Data><Data>Process Id: 10008.</Data><Data>File Version: 19.0.25119.5. Description: IIS ASP.NET Core Module V2 Request Handler. Commit: </Data></EventData></Event><Event><System><Provider Name="IIS AspNetCore Module V2"/><EventID>1032</EventID><Level>4</Level><Task>0</Task><Keywords>Keywords</Keywords><TimeCreated SystemTime="2025-11-11T22:22:57Z"/><EventRecordID>1881569875</EventRecordID><Channel>Application</Channel><Computer>WEBWK000000</Computer><Security/></System><EventData><Data>Application 'C:\home\site\wwwroot\' started successfully.</Data><Data>Process Id: 7208.</Data><Data>File Version: 19.0.25119.5. Description: IIS ASP.NET Core Module V2 Request Handler. Commit: </Data></EventData></Event><Event><System><Provider Name="IIS AspNetCore Module V2"/><EventID>1033</EventID><Level>4</Level><Task>0</Task><Keywords>Keywords</Keywords><TimeCreated SystemTime="2025-11-11T22:23:03Z"/><EventRecordID>1881575796</EventRecordID><Channel>Application</Channel><Computer>WEBWK000000</Computer><Security/></System><EventData><Data>Application 'MACHINE/WEBROOT/APPHOST/POTICTAC' has shutdown.</Data><Data>Process Id: 7208.</Data><Data>File Version: 19.0.25119.5. Description: IIS ASP.NET Core Module V2 Request Handler. Commit: </Data></EventData></Event><Event><System><Provider Name="IIS AspNetCore Module V2"/><EventID>1032</EventID><Level>4</Level><Task>0</Task><Keywords>Keywords</Keywords><TimeCreated SystemTime="2025-11-11T22:23:14Z"/><EventRecordID>1881586578</EventRecordID><Channel>Application</Channel><Computer>WEBWK000000</Computer><Security/></System><EventData><Data>Application 'C:\home\site\wwwroot\' started successfully.</Data><Data>Process Id: 7812.</Data><Data>File Version: 19.0.25119.5. Description: IIS ASP.NET Core Module V2 Request Handler. Commit: </Data></EventData></Event><Event><System><Provider Name="IIS AspNetCore Module V2"/><EventID>1012</EventID><Level>4</Level><Task>0</Task><Keywords>Keywords</Keywords><TimeCreated SystemTime="2025-11-11T22:28:19Z"/><EventRecordID>1881891968</EventRecordID><Channel>Application</Channel><Computer>WEBWK000000</Computer><Security/></System><EventData><Data>Application 'C:\home\site\wwwroot\' was recycled after detecting app_offline.htm.</Data><Data>Process Id: 7812.</Data><Data>File Version: 19.0.25119.5. Description: IIS ASP.NET Core Module V2 Request Handler. Commit: </Data></EventData></Event><Event><System><Provider Name="IIS AspNetCore Module V2"/><EventID>1033</EventID><Level>4</Level><Task>0</Task><Keywords>Keywords</Keywords><TimeCreated SystemTime="2025-11-11T22:28:19Z"/><EventRecordID>1881892031</EventRecordID><Channel>Application</Channel><Computer>WEBWK000000</Computer><Security/></System><EventData><Data>Application 'MACHINE/WEBROOT/APPHOST/POTICTAC' has shutdown.</Data><Data>Process Id: 7812.</Data><Data>File Version: 19.0.25119.5. Description: IIS ASP.NET Core Module V2 Request Handler. Commit: </Data></EventData></Event><Event><System><Provider Name="IIS AspNetCore Module V2"/><EventID>1032</EventID><Level>4</Level><Task>0</Task><Keywords>Keywords</Keywords><TimeCreated SystemTime="2025-11-11T22:56:15Z"/><EventRecordID>1883567671</EventRecordID><Channel>Application</Channel><Computer>WEBWK000000</Computer><Security/></System><EventData><Data>Application 'C:\home\site\wwwroot\' started successfully.</Data><Data>Process Id: 11200.</Data><Data>File Version: 19.0.25119.5. Description: IIS ASP.NET Core Module V2 Request Handler. Commit: </Data></EventData></Event></Events>