﻿<?xml version="1.0" encoding="utf-8"?>
<deployment>
  <id>e97fdfecae9d4af8b9d54c862551dc7f</id>
  <author>N/A</author>
  <deployer>ZipDeploy</deployer>
  <authorEmail>N/A</authorEmail>
  <message>Created via a push deployment</message>
  <progress></progress>
  <status>Success</status>
  <statusText></statusText>
  <lastSuccessEndTime>2025-11-11T22:13:31.4941794Z</lastSuccessEndTime>
  <receivedTime>2025-11-11T22:13:26.079829Z</receivedTime>
  <startTime>2025-11-11T22:13:26.2204454Z</startTime>
  <endTime>2025-11-11T22:13:31.4941794Z</endTime>
  <complete>True</complete>
  <is_temp>False</is_temp>
  <is_readonly>True</is_readonly>
  <project_type>BASIC</project_type>
  <vsproject_id></vsproject_id>
</deployment>