﻿<?xml version="1.0" encoding="utf-8"?>
<deployment>
  <id>2ee0688abfc94d55a6a363e5a48c3714</id>
  <author>N/A</author>
  <deployer>ZipDeploy</deployer>
  <authorEmail>N/A</authorEmail>
  <message>Created via a push deployment</message>
  <progress></progress>
  <status>Success</status>
  <statusText></statusText>
  <lastSuccessEndTime>2025-10-08T01:49:33.4613396Z</lastSuccessEndTime>
  <receivedTime>2025-10-08T01:49:29.6644224Z</receivedTime>
  <startTime>2025-10-08T01:49:29.7581663Z</startTime>
  <endTime>2025-10-08T01:49:33.4613396Z</endTime>
  <complete>True</complete>
  <is_temp>False</is_temp>
  <is_readonly>True</is_readonly>
  <project_type>BASIC</project_type>
  <vsproject_id></vsproject_id>
</deployment>