﻿<?xml version="1.0" encoding="utf-8"?>
<deployment>
  <id>cb3dbff60d5747f7a65090bff1516e73</id>
  <author>N/A</author>
  <deployer>ZipDeploy</deployer>
  <authorEmail>N/A</authorEmail>
  <message>Created via a push deployment</message>
  <progress></progress>
  <status>Success</status>
  <statusText></statusText>
  <lastSuccessEndTime>2025-10-07T22:35:01.8021187Z</lastSuccessEndTime>
  <receivedTime>2025-10-07T22:34:55.9108288Z</receivedTime>
  <startTime>2025-10-07T22:34:56.0361062Z</startTime>
  <endTime>2025-10-07T22:35:01.8021187Z</endTime>
  <complete>True</complete>
  <is_temp>False</is_temp>
  <is_readonly>True</is_readonly>
  <project_type>BASIC</project_type>
  <vsproject_id></vsproject_id>
</deployment>