<step title="BackgroundTrace" date="2025-10-08T00:51:14.275" instance="79e06d" url="/api/zipdeploy" method="POST" >
  <step title="Updating shutdown sentinel last write time" date="2025-10-08T00:51:14.275" SemaphoreCount="7" /><!-- duration: 0ms -->
  <step title="LockFile &apos;C:\home\site\locks\deployments.lock&apos; acquired" date="2025-10-08T00:51:14.275" /><!-- duration: 16ms -->
  <step title="Creating temporary deployment" date="2025-10-08T00:51:14.291" /><!-- duration: 16ms -->
  <step title="Performing fetch based deployment" date="2025-10-08T00:51:14.306" >
    <step title="Fetching changes." date="2025-10-08T00:51:14.338" /><!-- duration: 0ms -->
    <step title="Starting LocalZipHandler" date="2025-10-08T00:51:14.353" /><!-- duration: 0ms -->
    <step title="Cleaning up temp folders from previous zip deployments and extracting pushed zip file C:\local\Temp\zipdeploy\4jcfvp3d.zip (33.51 MB) to C:\local\Temp\zipdeploy\extracted" date="2025-10-08T00:51:14.400" /><!-- duration: 0ms -->
    <step title="Cleaning up temp folders from previous zip deployments and extracting pushed zip file C:\local\Temp\zipdeploy\4jcfvp3d.zip (33.51 MB) to C:\local\Temp\zipdeploy\extracted" date="2025-10-08T00:51:14.400" >
      <step title="Renaming extractTargetDirectory(C:\local\Temp\zipdeploy\extracted) to tempDirectory(C:\local\Temp\zipdeploy\phz23uac.xt3)" date="2025-10-08T00:51:14.400" /><!-- duration: 0ms -->
      <step title="Extracting 615 entries to C:\local\Temp\zipdeploy\extracted directory" date="2025-10-08T00:51:14.416" >
        <step title="Extracting to C:\local\Temp\zipdeploy\extracted\Azure.Core.dll ..." date="2025-10-08T00:51:14.416" /><!-- duration: 16ms -->
        <step title="Extracting to C:\local\Temp\zipdeploy\extracted\Azure.Data.Tables.dll ..." date="2025-10-08T00:51:14.431" /><!-- duration: 16ms -->
        <step title="Extracting to C:\local\Temp\zipdeploy\extracted\BlazorDebugProxy\BrowserDebugHost.dll ..." date="2025-10-08T00:51:14.447" /><!-- duration: 0ms -->
        <step title="Extracting to C:\local\Temp\zipdeploy\extracted\BlazorDebugProxy\BrowserDebugHost.runtimeconfig.json ..." date="2025-10-08T00:51:14.447" /><!-- duration: 16ms -->
        <step title="Extracting to C:\local\Temp\zipdeploy\extracted\BlazorDebugProxy\BrowserDebugProxy.dll ..." date="2025-10-08T00:51:14.463" /><!-- duration: 16ms -->
        <step title="Omitting extracting file traces ..." date="2025-10-08T00:51:14.478" /><!-- duration: 0ms -->
        <step title="Extracting to C:\local\Temp\zipdeploy\extracted\wwwroot\lib\bootstrap\dist\js\bootstrap.min.js.br ..." date="2025-10-08T00:51:15.572" /><!-- duration: 16ms -->
        <step title="Extracting to C:\local\Temp\zipdeploy\extracted\wwwroot\lib\bootstrap\dist\js\bootstrap.min.js.gz ..." date="2025-10-08T00:51:15.588" /><!-- duration: 0ms -->
        <step title="Extracting to C:\local\Temp\zipdeploy\extracted\wwwroot\lib\bootstrap\dist\js\bootstrap.min.js.map ..." date="2025-10-08T00:51:15.588" /><!-- duration: 16ms -->
        <step title="Extracting to C:\local\Temp\zipdeploy\extracted\wwwroot\lib\bootstrap\dist\js\bootstrap.min.js.map.br ..." date="2025-10-08T00:51:15.619" /><!-- duration: 16ms -->
        <step title="Extracting to C:\local\Temp\zipdeploy\extracted\wwwroot\lib\bootstrap\dist\js\bootstrap.min.js.map.gz ..." date="2025-10-08T00:51:15.635" /><!-- duration: 0ms -->
      </step><!-- duration: 1219ms -->
    </step><!-- duration: 1250ms -->
    <step title="Before sending BuildRequestReceived status to /api/updatedeploystatus" date="2025-10-08T00:51:15.650" /><!-- duration: 0ms -->
    <step title="DeploymentManager.Deploy(id:5db4e29796a54c058539139cc117720f)" date="2025-10-08T00:51:15.650" >
      <step title="Collecting changeset information" date="2025-10-08T00:51:15.666" /><!-- duration: 31ms -->
      <step title="Updating submodules" date="2025-10-08T00:51:15.697" >
        <step title="Updating submodules." date="2025-10-08T00:51:15.728" /><!-- duration: 16ms -->
      </step><!-- duration: 47ms -->
      <step title="Preparing deployment for commit id &apos;5db4e29796&apos;." date="2025-10-08T00:51:15.775" /><!-- duration: 0ms -->
      <step title="Determining deployment builder" date="2025-10-08T00:51:15.806" >
        <step title="Builder is BasicBuilder" date="2025-10-08T00:51:15.806" /><!-- duration: 0ms -->
      </step><!-- duration: 0ms -->
      <step title="Copying SSH keys" date="2025-10-08T00:51:15.822" /><!-- duration: 0ms -->
      <step title="Building" date="2025-10-08T00:51:15.838" >
        <step title="Generating deployment script." date="2025-10-08T00:51:15.853" /><!-- duration: 16ms -->
        <step title="Generating deployment script" date="2025-10-08T00:51:15.869" >
          <step title="Using cached version of the deployment script for command: -y --no-dot-deployment -r &quot;C:\local\Temp\zipdeploy\extracted&quot; -o &quot;C:\home\site\deployments\tools&quot; --basic --sitePath &quot;C:\local\Temp\zipdeploy\extracted&quot;" date="2025-10-08T00:51:15.869" /><!-- duration: 16ms -->
          <step title="Using cached version of deployment script (command: &apos;azure -y --no-dot-deployment -r &quot;C:\local\Temp\zipdeploy\extracted&quot; -o &quot;C:\home\site\deployments\tools&quot; --basic --sitePath &quot;C:\local\Temp\zipdeploy\extracted&quot;&apos;)." date="2025-10-08T00:51:15.885" /><!-- duration: 0ms -->
        </step><!-- duration: 16ms -->
        <step title="Running deployment command..." date="2025-10-08T00:51:15.916" /><!-- duration: 0ms -->
        <step title="Command: &quot;C:\home\site\deployments\tools\deploy.cmd&quot;" date="2025-10-08T00:51:15.931" /><!-- duration: 0ms -->
        <step title="Executing external process" date="2025-10-08T00:51:15.947" type="process" path="starter.cmd" arguments="&quot;C:\home\site\deployments\tools\deploy.cmd&quot;" >
          <step title="Handling Basic Web Site deployment." date="2025-10-08T00:51:16.072" /><!-- duration: 16ms -->
          <step title="Creating app_offline.htm" date="2025-10-08T00:51:16.306" /><!-- duration: 0ms -->
          <step title="KuduSync.NET from: &apos;C:\local\Temp\zipdeploy\extracted&apos; to: &apos;C:\home\site\wwwroot&apos;" date="2025-10-08T00:51:16.322" /><!-- duration: 0ms -->
          <step title="Copying file: &apos;appsettings.Development.json&apos;" date="2025-10-08T00:51:16.322" /><!-- duration: 0ms -->
          <step title="Copying file: &apos;appsettings.json&apos;" date="2025-10-08T00:51:16.338" /><!-- duration: 0ms -->
          <step title="Copying file: &apos;PoTicTac.Client.dll&apos;" date="2025-10-08T00:51:16.353" /><!-- duration: 0ms -->
          <step title="Copying file: &apos;PoTicTac.Client.pdb&apos;" date="2025-10-08T00:51:16.353" /><!-- duration: 0ms -->
          <step title="Copying file: &apos;PoTicTacServer&apos;" date="2025-10-08T00:51:16.369" /><!-- duration: 0ms -->
          <step title="Copying file: &apos;PoTicTacServer.deps.json&apos;" date="2025-10-08T00:51:16.369" /><!-- duration: 0ms -->
          <step title="Copying file: &apos;PoTicTacServer.dll&apos;" date="2025-10-08T00:51:16.385" /><!-- duration: 0ms -->
          <step title="Copying file: &apos;PoTicTacServer.pdb&apos;" date="2025-10-08T00:51:16.385" /><!-- duration: 0ms -->
          <step title="Copying file: &apos;PoTicTacServer.runtimeconfig.json&apos;" date="2025-10-08T00:51:16.400" /><!-- duration: 0ms -->
          <step title="Copying file: &apos;PoTicTacServer.staticwebassets.endpoints.json&apos;" date="2025-10-08T00:51:16.400" /><!-- duration: 0ms -->
          <step title="Copying file: &apos;wwwroot\favicon.png&apos;" date="2025-10-08T00:51:16.416" /><!-- duration: 0ms -->
          <step title="Copying file: &apos;wwwroot\icon-192.png&apos;" date="2025-10-08T00:51:16.416" /><!-- duration: 0ms -->
          <step title="Copying file: &apos;wwwroot\index.html&apos;" date="2025-10-08T00:51:16.431" /><!-- duration: 0ms -->
          <step title="Copying file: &apos;wwwroot\index.html.br&apos;" date="2025-10-08T00:51:16.431" /><!-- duration: 0ms -->
          <step title="Copying file: &apos;wwwroot\index.html.gz&apos;" date="2025-10-08T00:51:16.448" /><!-- duration: 0ms -->
          <step title="Copying file: &apos;wwwroot\PoTicTac.Client.styles.css&apos;" date="2025-10-08T00:51:16.463" /><!-- duration: 0ms -->
          <step title="Copying file: &apos;wwwroot\PoTicTac.Client.styles.css.br&apos;" date="2025-10-08T00:51:16.463" /><!-- duration: 0ms -->
          <step title="Copying file: &apos;wwwroot\PoTicTac.Client.styles.css.gz&apos;" date="2025-10-08T00:51:16.479" /><!-- duration: 0ms -->
          <step title="Copying file: &apos;wwwroot\css\app.css&apos;" date="2025-10-08T00:51:16.479" /><!-- duration: 0ms -->
          <step title="Copying file: &apos;wwwroot\css\app.css.br&apos;" date="2025-10-08T00:51:16.494" /><!-- duration: 0ms -->
          <step title="Copying file: &apos;wwwroot\css\app.css.gz&apos;" date="2025-10-08T00:51:16.494" /><!-- duration: 16ms -->
          <step title="Copying file: &apos;wwwroot\css\diag.css&apos;" date="2025-10-08T00:51:16.510" /><!-- duration: 0ms -->
          <step title="Copying file: &apos;wwwroot\css\diag.css.br&apos;" date="2025-10-08T00:51:16.526" /><!-- duration: 0ms -->
          <step title="Copying file: &apos;wwwroot\css\diag.css.gz&apos;" date="2025-10-08T00:51:16.526" /><!-- duration: 0ms -->
          <step title="Copying file: &apos;wwwroot\css\difficulty-selector.css&apos;" date="2025-10-08T00:51:16.541" /><!-- duration: 0ms -->
          <step title="Copying file: &apos;wwwroot\css\difficulty-selector.css.br&apos;" date="2025-10-08T00:51:16.541" /><!-- duration: 16ms -->
          <step title="Copying file: &apos;wwwroot\css\difficulty-selector.css.gz&apos;" date="2025-10-08T00:51:16.557" /><!-- duration: 0ms -->
          <step title="Copying file: &apos;wwwroot\css\game.css&apos;" date="2025-10-08T00:51:16.557" /><!-- duration: 16ms -->
          <step title="Copying file: &apos;wwwroot\css\game.css.br&apos;" date="2025-10-08T00:51:16.573" /><!-- duration: 16ms -->
          <step title="Copying file: &apos;wwwroot\css\game.css.gz&apos;" date="2025-10-08T00:51:16.588" /><!-- duration: 0ms -->
          <step title="Copying file: &apos;wwwroot\css\gameboard.css&apos;" date="2025-10-08T00:51:16.604" /><!-- duration: 0ms -->
          <step title="Copying file: &apos;wwwroot\css\gameboard.css.br&apos;" date="2025-10-08T00:51:16.604" /><!-- duration: 0ms -->
          <step title="Copying file: &apos;wwwroot\css\gameboard.css.gz&apos;" date="2025-10-08T00:51:16.619" /><!-- duration: 0ms -->
          <step title="Copying file: &apos;wwwroot\css\stats.css&apos;" date="2025-10-08T00:51:16.619" /><!-- duration: 0ms -->
          <step title="Copying file: &apos;wwwroot\css\stats.css.br&apos;" date="2025-10-08T00:51:16.635" /><!-- duration: 0ms -->
          <step title="Copying file: &apos;wwwroot\css\stats.css.gz&apos;" date="2025-10-08T00:51:16.635" /><!-- duration: 16ms -->
          <step title="Copying file: &apos;wwwroot\lib\bootstrap\dist\css\bootstrap-grid.css&apos;" date="2025-10-08T00:51:16.651" /><!-- duration: 0ms -->
          <step title="Copying file: &apos;wwwroot\lib\bootstrap\dist\css\bootstrap-grid.css.br&apos;" date="2025-10-08T00:51:16.651" /><!-- duration: 16ms -->
          <step title="Copying file: &apos;wwwroot\lib\bootstrap\dist\css\bootstrap-grid.css.gz&apos;" date="2025-10-08T00:51:16.666" /><!-- duration: 0ms -->
          <step title="Copying file: &apos;wwwroot\lib\bootstrap\dist\css\bootstrap-grid.css.map&apos;" date="2025-10-08T00:51:16.666" /><!-- duration: 16ms -->
          <step title="Copying file: &apos;wwwroot\lib\bootstrap\dist\css\bootstrap-grid.css.map.br&apos;" date="2025-10-08T00:51:16.682" /><!-- duration: 0ms -->
          <step title="Copying file: &apos;wwwroot\lib\bootstrap\dist\css\bootstrap-grid.css.map.gz&apos;" date="2025-10-08T00:51:16.698" /><!-- duration: 0ms -->
          <step title="Copying file: &apos;wwwroot\lib\bootstrap\dist\css\bootstrap-grid.min.css&apos;" date="2025-10-08T00:51:16.698" /><!-- duration: 0ms -->
          <step title="Copying file: &apos;wwwroot\lib\bootstrap\dist\css\bootstrap-grid.min.css.br&apos;" date="2025-10-08T00:51:16.713" /><!-- duration: 0ms -->
          <step title="Copying file: &apos;wwwroot\lib\bootstrap\dist\css\bootstrap-grid.min.css.gz&apos;" date="2025-10-08T00:51:16.729" /><!-- duration: 0ms -->
          <step title="Copying file: &apos;wwwroot\lib\bootstrap\dist\css\bootstrap-grid.min.css.map&apos;" date="2025-10-08T00:51:16.729" /><!-- duration: 0ms -->
          <step title="Copying file: &apos;wwwroot\lib\bootstrap\dist\css\bootstrap-grid.min.css.map.br&apos;" date="2025-10-08T00:51:16.744" /><!-- duration: 0ms -->
          <step title="Copying file: &apos;wwwroot\lib\bootstrap\dist\css\bootstrap-grid.min.css.map.gz&apos;" date="2025-10-08T00:51:16.744" /><!-- duration: 16ms -->
          <step title="Omitting next output lines..." date="2025-10-08T00:51:16.760" /><!-- duration: 0ms -->
          <step title="Finished successfully." date="2025-10-08T00:51:19.167" /><!-- duration: 0ms -->
        </step><!-- duration: 3220ms -->
        <step title="Running post deployment command(s)..." date="2025-10-08T00:51:19.198" /><!-- duration: 0ms -->
        <step title="Triggering recycle (preview mode disabled)." date="2025-10-08T00:51:19.230" /><!-- duration: 0ms -->
        <step title="Ignoring FS watcher based recycle request as this is a classic Windows app." date="2025-10-08T00:51:19.230" /><!-- duration: 16ms -->
        <step title="Deployment successful. DEPLOYMENTINFO: deploymentPath = ZipDeploy. Extract zip. , deployer = ZipDeploy, os = windows, sku = Free, siteName = PoTicTac, siteHostName = potictac.azurewebsites.net, deploymentStatus = Success" date="2025-10-08T00:51:19.277" /><!-- duration: 0ms -->
      </step><!-- duration: 3517ms -->
    </step><!-- duration: 3705ms -->
    <step title="Cleaning up temp files" date="2025-10-08T00:51:19.355" /><!-- duration: 15ms -->
    <step title="Skip function trigger and logicapp sync because function is not enabled." date="2025-10-08T00:51:19.370" /><!-- duration: 0ms -->
  </step><!-- duration: 5095ms -->
  <step title="LockFile &apos;C:\home\site\locks\deployments.lock&apos; released" date="2025-10-08T00:51:19.417" /><!-- duration: 0ms -->
  <step title="Deleting shutdown sentinel file" date="2025-10-08T00:51:19.417" SemaphoreCount="8" /><!-- duration: 0ms -->
</step><!-- duration: 5158ms -->
