<step title="Incoming Request" date="2025-11-11T22:28:12.694" instance="92ca53" url="/api/zipdeploy?isAsync=true" method="POST" type="request" pid="6156,2,7" Connection="Keep-Alive" Content-Length="39113969" Content-Type="application/octet-stream" Accept="application/json" Accept-Encoding="gzip" Authorization="Bea..." Host="potictac.scm.azurewebsites.net" User-Agent="azsdk-go-zip-deploy/1.0.0 (go1.25.0 X:loopvar; linux),azdev/1.21.1 (Go go1.25.0 X:loopvar; linux/amd64) GhActions" x-ms-correlation-request-id="c7b206e80d15bb301cd6d3184c2dc9a6" X-ARR-LOG-ID="c7b206e8-0d15-bb30-1cd6-d3184c2dc9a6" CLIENT-IP="52.159.244.64:17410" X-SITE-DEPLOYMENT-ID="PoTicTac" WAS-DEFAULT-HOSTNAME="potictac.scm.azurewebsites.net" X-Forwarded-Proto="https" X-AppService-Proto="https" X-Forwarded-TlsVersion="1.3" X-WAWS-Unencoded-URL="/api/zipdeploy?isAsync=true" X-MS-COLDSTART="1" >
  <step title="ZipPushDeploy" date="2025-11-11T22:28:13.288" >
    <step title="ZipDeploy. Extract zip. " date="2025-11-11T22:28:13.319" /><!-- duration: 0ms -->
    <step title="Starting PushDeployAsync" date="2025-11-11T22:28:13.335" /><!-- duration: 0ms -->
    <step title="Updating shutdown sentinel last write time" date="2025-11-11T22:28:13.398" SemaphoreCount="7" /><!-- duration: 0ms -->
    <step title="LockFile &apos;C:\home\site\locks\deployments.lock&apos; acquired" date="2025-11-11T22:28:13.413" /><!-- duration: 0ms -->
    <step title="Saving request content to C:\local\Temp\zipdeploy\b0jakaca.zip" date="2025-11-11T22:28:13.413" >
      <step title="Total 39,113,969 bytes written to C:\local\Temp\zipdeploy\b0jakaca.zip" date="2025-11-11T22:28:17.480" /><!-- duration: 0ms -->
    </step><!-- duration: 4067ms -->
    <step title="LockFile &apos;C:\home\site\locks\deployments.lock&apos; released" date="2025-11-11T22:28:17.496" /><!-- duration: 0ms -->
    <step title="Deleting shutdown sentinel file" date="2025-11-11T22:28:17.496" SemaphoreCount="8" /><!-- duration: 16ms -->
    <step title="Starting FetchDeploy" date="2025-11-11T22:28:17.511" /><!-- duration: 0ms -->
    <step title="Start deployment in the background" date="2025-11-11T22:28:17.527" /><!-- duration: 78ms -->
  </step><!-- duration: 4332ms -->
  <step title="Outgoing response" date="2025-11-11T22:28:17.652" type="response" statusCode="202" statusText="Accepted" Server="Microsoft-IIS/10.0" x-ms-request-id="c7b206e8-0d15-bb30-1cd6-d3184c2dc9a6" Retry-After="30" Cache-Control="private" X-AspNet-Version="4.0.30319" Location="https://potictac.scm.azurewebsites.net/api/deployments/latest?deployer=ZipDeploy&amp;time=2025-11-11_22-28-17Z" /><!-- duration: 0ms -->
</step><!-- duration: 4973ms -->
