<step title="Incoming Request" date="2025-11-11T22:13:16.344" instance="92ca53" url="/api/zipdeploy?isAsync=true" method="POST" type="request" pid="1820,2,12" Content-Length="39148255" Content-Type="application/octet-stream" Accept="application/json" Accept-Encoding="gzip" Authorization="Bea..." Host="potictac.scm.azurewebsites.net" User-Agent="azsdk-go-zip-deploy/1.0.0 (go1.25.0 X:loopvar; Windows_NT),azdev/1.20.2 (Go go1.25.0 X:loopvar; windows/amd64)" x-ms-correlation-request-id="31273acc17d5173e4af00c8db91aeb46" X-ARR-LOG-ID="31273acc-17d5-173e-4af0-0c8db91aeb46" CLIENT-IP="73.163.65.94:65458" X-SITE-DEPLOYMENT-ID="PoTicTac" WAS-DEFAULT-HOSTNAME="potictac.scm.azurewebsites.net" X-Forwarded-Proto="https" X-AppService-Proto="https" X-Forwarded-TlsVersion="1.3" X-WAWS-Unencoded-URL="/api/zipdeploy?isAsync=true" >
  <step title="ZipPushDeploy" date="2025-11-11T22:13:16.391" >
    <step title="ZipDeploy. Extract zip. " date="2025-11-11T22:13:16.407" /><!-- duration: 0ms -->
    <step title="Starting PushDeployAsync" date="2025-11-11T22:13:16.407" /><!-- duration: 0ms -->
    <step title="Updating shutdown sentinel last write time" date="2025-11-11T22:13:16.407" SemaphoreCount="7" /><!-- duration: 16ms -->
    <step title="LockFile &apos;C:\home\site\locks\deployments.lock&apos; acquired" date="2025-11-11T22:13:16.422" /><!-- duration: 0ms -->
    <step title="Saving request content to C:\local\Temp\zipdeploy\v3sfldmi.zip" date="2025-11-11T22:13:16.422" >
      <step title="Total 39,148,255 bytes written to C:\local\Temp\zipdeploy\v3sfldmi.zip" date="2025-11-11T22:13:24.517" /><!-- duration: 16ms -->
    </step><!-- duration: 8110ms -->
    <step title="LockFile &apos;C:\home\site\locks\deployments.lock&apos; released" date="2025-11-11T22:13:24.532" /><!-- duration: 16ms -->
    <step title="Deleting shutdown sentinel file" date="2025-11-11T22:13:24.548" SemaphoreCount="8" /><!-- duration: 0ms -->
    <step title="Starting FetchDeploy" date="2025-11-11T22:13:24.564" /><!-- duration: 0ms -->
    <step title="Start deployment in the background" date="2025-11-11T22:13:24.564" /><!-- duration: 109ms -->
  </step><!-- duration: 8282ms -->
  <step title="Outgoing response" date="2025-11-11T22:13:24.673" type="response" statusCode="202" statusText="Accepted" Server="Microsoft-IIS/10.0" x-ms-request-id="31273acc-17d5-173e-4af0-0c8db91aeb46" Retry-After="30" Cache-Control="private" X-AspNet-Version="4.0.30319" Location="https://potictac.scm.azurewebsites.net/api/deployments/latest?deployer=ZipDeploy&amp;time=2025-11-11_22-13-24Z" /><!-- duration: 16ms -->
</step><!-- duration: 8345ms -->
