<step title="BackgroundTrace" date="2025-11-11T22:17:56.064" instance="92ca53" url="/api/zipdeploy" method="POST" >
  <step title="Updating shutdown sentinel last write time" date="2025-11-11T22:17:56.064" SemaphoreCount="7" /><!-- duration: 16ms -->
  <step title="LockFile &apos;C:\home\site\locks\deployments.lock&apos; acquired" date="2025-11-11T22:17:56.080" /><!-- duration: 16ms -->
  <step title="Creating temporary deployment" date="2025-11-11T22:17:56.095" /><!-- duration: 16ms -->
  <step title="Performing fetch based deployment" date="2025-11-11T22:17:56.111" >
    <step title="Fetching changes." date="2025-11-11T22:17:56.142" /><!-- duration: 16ms -->
    <step title="Starting LocalZipHandler" date="2025-11-11T22:17:56.158" /><!-- duration: 0ms -->
    <step title="Cleaning up temp folders from previous zip deployments and extracting pushed zip file C:\local\Temp\zipdeploy\ybvdj4ar.zip (37.30 MB) to C:\local\Temp\zipdeploy\extracted" date="2025-11-11T22:17:56.189" /><!-- duration: 0ms -->
    <step title="Cleaning up temp folders from previous zip deployments and extracting pushed zip file C:\local\Temp\zipdeploy\ybvdj4ar.zip (37.30 MB) to C:\local\Temp\zipdeploy\extracted" date="2025-11-11T22:17:56.189" >
      <step title="Renaming extractTargetDirectory(C:\local\Temp\zipdeploy\extracted) to tempDirectory(C:\local\Temp\zipdeploy\zbjzye12.3xv)" date="2025-11-11T22:17:56.205" /><!-- duration: 0ms -->
      <step title="Extracting 612 entries to C:\local\Temp\zipdeploy\extracted directory" date="2025-11-11T22:17:56.220" >
        <step title="Extracting to C:\local\Temp\zipdeploy\extracted\Azure.Core.dll ..." date="2025-11-11T22:17:56.220" /><!-- duration: 16ms -->
        <step title="Extracting to C:\local\Temp\zipdeploy\extracted\Azure.Data.Tables.dll ..." date="2025-11-11T22:17:56.236" /><!-- duration: 0ms -->
        <step title="Extracting to C:\local\Temp\zipdeploy\extracted\Azure.Identity.dll ..." date="2025-11-11T22:17:56.252" /><!-- duration: 0ms -->
        <step title="Extracting to C:\local\Temp\zipdeploy\extracted\BlazorDebugProxy\BrowserDebugHost.dll ..." date="2025-11-11T22:17:56.252" /><!-- duration: 16ms -->
        <step title="Extracting to C:\local\Temp\zipdeploy\extracted\BlazorDebugProxy\BrowserDebugHost.runtimeconfig.json ..." date="2025-11-11T22:17:56.267" /><!-- duration: 0ms -->
        <step title="Omitting extracting file traces ..." date="2025-11-11T22:17:56.267" /><!-- duration: 16ms -->
        <step title="Extracting to C:\local\Temp\zipdeploy\extracted\wwwroot\lib\bootstrap\dist\js\bootstrap.min.js.br ..." date="2025-11-11T22:17:57.345" /><!-- duration: 0ms -->
        <step title="Extracting to C:\local\Temp\zipdeploy\extracted\wwwroot\lib\bootstrap\dist\js\bootstrap.min.js.gz ..." date="2025-11-11T22:17:57.361" /><!-- duration: 0ms -->
        <step title="Extracting to C:\local\Temp\zipdeploy\extracted\wwwroot\lib\bootstrap\dist\js\bootstrap.min.js.map ..." date="2025-11-11T22:17:57.361" /><!-- duration: 16ms -->
        <step title="Extracting to C:\local\Temp\zipdeploy\extracted\wwwroot\lib\bootstrap\dist\js\bootstrap.min.js.map.br ..." date="2025-11-11T22:17:57.377" /><!-- duration: 0ms -->
        <step title="Extracting to C:\local\Temp\zipdeploy\extracted\wwwroot\lib\bootstrap\dist\js\bootstrap.min.js.map.gz ..." date="2025-11-11T22:17:57.377" /><!-- duration: 16ms -->
      </step><!-- duration: 1172ms -->
    </step><!-- duration: 1203ms -->
    <step title="Before sending BuildRequestReceived status to /api/updatedeploystatus" date="2025-11-11T22:17:57.408" /><!-- duration: 0ms -->
    <step title="DeploymentManager.Deploy(id:79a99ce03d04454ba45f083058c25c15)" date="2025-11-11T22:17:57.408" >
      <step title="Collecting changeset information" date="2025-11-11T22:17:57.424" /><!-- duration: 31ms -->
      <step title="Updating submodules" date="2025-11-11T22:17:57.455" >
        <step title="Updating submodules." date="2025-11-11T22:17:57.486" /><!-- duration: 0ms -->
      </step><!-- duration: 47ms -->
      <step title="Preparing deployment for commit id &apos;79a99ce03d&apos;." date="2025-11-11T22:17:57.517" /><!-- duration: 16ms -->
      <step title="Determining deployment builder" date="2025-11-11T22:17:57.549" >
        <step title="Builder is BasicBuilder" date="2025-11-11T22:17:57.549" /><!-- duration: 16ms -->
      </step><!-- duration: 16ms -->
      <step title="Copying SSH keys" date="2025-11-11T22:17:57.580" /><!-- duration: 0ms -->
      <step title="Building" date="2025-11-11T22:17:57.595" >
        <step title="Generating deployment script." date="2025-11-11T22:17:57.627" /><!-- duration: 0ms -->
        <step title="Generating deployment script" date="2025-11-11T22:17:57.627" >
          <step title="Using cached version of the deployment script for command: -y --no-dot-deployment -r &quot;C:\local\Temp\zipdeploy\extracted&quot; -o &quot;C:\home\site\deployments\tools&quot; --basic --sitePath &quot;C:\local\Temp\zipdeploy\extracted&quot;" date="2025-11-11T22:17:57.642" /><!-- duration: 0ms -->
          <step title="Using cached version of deployment script (command: &apos;azure -y --no-dot-deployment -r &quot;C:\local\Temp\zipdeploy\extracted&quot; -o &quot;C:\home\site\deployments\tools&quot; --basic --sitePath &quot;C:\local\Temp\zipdeploy\extracted&quot;&apos;)." date="2025-11-11T22:17:57.658" /><!-- duration: 0ms -->
        </step><!-- duration: 31ms -->
        <step title="Running deployment command..." date="2025-11-11T22:17:57.689" /><!-- duration: 16ms -->
        <step title="Command: &quot;C:\home\site\deployments\tools\deploy.cmd&quot;" date="2025-11-11T22:17:57.720" /><!-- duration: 0ms -->
        <step title="Executing external process" date="2025-11-11T22:17:57.720" type="process" path="starter.cmd" arguments="&quot;C:\home\site\deployments\tools\deploy.cmd&quot;" >
          <step title="Handling Basic Web Site deployment." date="2025-11-11T22:17:57.861" /><!-- duration: 0ms -->
          <step title="Creating app_offline.htm" date="2025-11-11T22:17:58.127" /><!-- duration: 16ms -->
          <step title="KuduSync.NET from: &apos;C:\local\Temp\zipdeploy\extracted&apos; to: &apos;C:\home\site\wwwroot&apos;" date="2025-11-11T22:17:58.142" /><!-- duration: 16ms -->
          <step title="Deleting file: &apos;appsettings.Development.json&apos;" date="2025-11-11T22:17:58.158" /><!-- duration: 16ms -->
          <step title="Deleting file: &apos;appsettings.json&apos;" date="2025-11-11T22:17:58.174" /><!-- duration: 0ms -->
          <step title="Deleting file: &apos;Po.TicTac.Api.exe&apos;" date="2025-11-11T22:17:58.189" /><!-- duration: 0ms -->
          <step title="Copying file: &apos;Azure.Core.dll&apos;" date="2025-11-11T22:17:58.189" /><!-- duration: 0ms -->
          <step title="Copying file: &apos;Azure.Data.Tables.dll&apos;" date="2025-11-11T22:17:58.205" /><!-- duration: 0ms -->
          <step title="Copying file: &apos;Azure.Identity.dll&apos;" date="2025-11-11T22:17:58.205" /><!-- duration: 16ms -->
          <step title="Copying file: &apos;CommandLine.dll&apos;" date="2025-11-11T22:17:58.220" /><!-- duration: 0ms -->
          <step title="Copying file: &apos;MediatR.Contracts.dll&apos;" date="2025-11-11T22:17:58.236" /><!-- duration: 0ms -->
          <step title="Copying file: &apos;MediatR.dll&apos;" date="2025-11-11T22:17:58.236" /><!-- duration: 0ms -->
          <step title="Copying file: &apos;Microsoft.AI.DependencyCollector.dll&apos;" date="2025-11-11T22:17:58.252" /><!-- duration: 0ms -->
          <step title="Copying file: &apos;Microsoft.AI.EventCounterCollector.dll&apos;" date="2025-11-11T22:17:58.252" /><!-- duration: 0ms -->
          <step title="Copying file: &apos;Microsoft.AI.PerfCounterCollector.dll&apos;" date="2025-11-11T22:17:58.267" /><!-- duration: 0ms -->
          <step title="Copying file: &apos;Microsoft.AI.ServerTelemetryChannel.dll&apos;" date="2025-11-11T22:17:58.283" /><!-- duration: 0ms -->
          <step title="Copying file: &apos;Microsoft.AI.WindowsServer.dll&apos;" date="2025-11-11T22:17:58.283" /><!-- duration: 0ms -->
          <step title="Copying file: &apos;Microsoft.ApplicationInsights.AspNetCore.dll&apos;" date="2025-11-11T22:17:58.299" /><!-- duration: 0ms -->
          <step title="Copying file: &apos;Microsoft.ApplicationInsights.dll&apos;" date="2025-11-11T22:17:58.299" /><!-- duration: 16ms -->
          <step title="Copying file: &apos;Microsoft.ApplicationInsights.Profiler.AspNetCore.dll&apos;" date="2025-11-11T22:17:58.314" /><!-- duration: 0ms -->
          <step title="Copying file: &apos;Microsoft.ApplicationInsights.Profiler.Core.dll&apos;" date="2025-11-11T22:17:58.314" /><!-- duration: 0ms -->
          <step title="Copying file: &apos;Microsoft.ApplicationInsights.Profiler.HostingStartup30.dll&apos;" date="2025-11-11T22:17:58.330" /><!-- duration: 0ms -->
          <step title="Copying file: &apos;Microsoft.ApplicationInsights.Profiler.Logging.dll&apos;" date="2025-11-11T22:17:58.330" /><!-- duration: 16ms -->
          <step title="Copying file: &apos;Microsoft.ApplicationInsights.SnapshotCollector.dll&apos;" date="2025-11-11T22:17:58.345" /><!-- duration: 0ms -->
          <step title="Copying file: &apos;Microsoft.AspNetCore.Authorization.dll&apos;" date="2025-11-11T22:17:58.361" /><!-- duration: 0ms -->
          <step title="Copying file: &apos;Microsoft.AspNetCore.Components.dll&apos;" date="2025-11-11T22:17:58.361" /><!-- duration: 0ms -->
          <step title="Copying file: &apos;Microsoft.AspNetCore.Components.Forms.dll&apos;" date="2025-11-11T22:17:58.377" /><!-- duration: 16ms -->
          <step title="Copying file: &apos;Microsoft.AspNetCore.Components.Web.dll&apos;" date="2025-11-11T22:17:58.392" /><!-- duration: 0ms -->
          <step title="Copying file: &apos;Microsoft.AspNetCore.Components.WebAssembly.dll&apos;" date="2025-11-11T22:17:58.408" /><!-- duration: 0ms -->
          <step title="Copying file: &apos;Microsoft.AspNetCore.Components.WebAssembly.Server.dll&apos;" date="2025-11-11T22:17:58.408" /><!-- duration: 16ms -->
          <step title="Copying file: &apos;Microsoft.AspNetCore.Connections.Abstractions.dll&apos;" date="2025-11-11T22:17:58.424" /><!-- duration: 0ms -->
          <step title="Copying file: &apos;Microsoft.AspNetCore.Http.Connections.Client.dll&apos;" date="2025-11-11T22:17:58.439" /><!-- duration: 0ms -->
          <step title="Copying file: &apos;Microsoft.AspNetCore.Http.Connections.Common.dll&apos;" date="2025-11-11T22:17:58.439" /><!-- duration: 0ms -->
          <step title="Copying file: &apos;Microsoft.AspNetCore.Metadata.dll&apos;" date="2025-11-11T22:17:58.455" /><!-- duration: 0ms -->
          <step title="Copying file: &apos;Microsoft.AspNetCore.OpenApi.dll&apos;" date="2025-11-11T22:17:58.455" /><!-- duration: 0ms -->
          <step title="Copying file: &apos;Microsoft.AspNetCore.SignalR.Client.Core.dll&apos;" date="2025-11-11T22:17:58.470" /><!-- duration: 0ms -->
          <step title="Copying file: &apos;Microsoft.AspNetCore.SignalR.Client.dll&apos;" date="2025-11-11T22:17:58.470" /><!-- duration: 16ms -->
          <step title="Copying file: &apos;Microsoft.AspNetCore.SignalR.Common.dll&apos;" date="2025-11-11T22:17:58.486" /><!-- duration: 0ms -->
          <step title="Copying file: &apos;Microsoft.AspNetCore.SignalR.Protocols.Json.dll&apos;" date="2025-11-11T22:17:58.502" /><!-- duration: 16ms -->
          <step title="Copying file: &apos;Microsoft.Bcl.AsyncInterfaces.dll&apos;" date="2025-11-11T22:17:58.517" /><!-- duration: 0ms -->
          <step title="Copying file: &apos;Microsoft.Diagnostics.NETCore.Client.dll&apos;" date="2025-11-11T22:17:58.533" /><!-- duration: 0ms -->
          <step title="Copying file: &apos;Microsoft.Extensions.Configuration.Abstractions.dll&apos;" date="2025-11-11T22:17:58.533" /><!-- duration: 0ms -->
          <step title="Copying file: &apos;Microsoft.Extensions.Configuration.Binder.dll&apos;" date="2025-11-11T22:17:58.549" /><!-- duration: 0ms -->
          <step title="Copying file: &apos;Microsoft.Extensions.Configuration.dll&apos;" date="2025-11-11T22:17:58.549" /><!-- duration: 16ms -->
          <step title="Copying file: &apos;Microsoft.Extensions.Configuration.FileExtensions.dll&apos;" date="2025-11-11T22:17:58.564" /><!-- duration: 0ms -->
          <step title="Copying file: &apos;Microsoft.Extensions.Configuration.Json.dll&apos;" date="2025-11-11T22:17:58.580" /><!-- duration: 0ms -->
          <step title="Copying file: &apos;Microsoft.Extensions.DependencyInjection.Abstractions.dll&apos;" date="2025-11-11T22:17:58.595" /><!-- duration: 0ms -->
          <step title="Copying file: &apos;Microsoft.Extensions.DependencyInjection.dll&apos;" date="2025-11-11T22:17:58.595" /><!-- duration: 0ms -->
          <step title="Copying file: &apos;Microsoft.Extensions.DependencyModel.dll&apos;" date="2025-11-11T22:17:58.611" /><!-- duration: 0ms -->
          <step title="Copying file: &apos;Microsoft.Extensions.Diagnostics.Abstractions.dll&apos;" date="2025-11-11T22:17:58.611" /><!-- duration: 16ms -->
          <step title="Copying file: &apos;Microsoft.Extensions.Diagnostics.HealthChecks.Abstractions.dll&apos;" date="2025-11-11T22:17:58.627" /><!-- duration: 0ms -->
          <step title="Omitting next output lines..." date="2025-11-11T22:17:58.627" /><!-- duration: 16ms -->
          <step title="Finished successfully." date="2025-11-11T22:18:03.071" /><!-- duration: 16ms -->
        </step><!-- duration: 5366ms -->
        <step title="Running post deployment command(s)..." date="2025-11-11T22:18:03.133" /><!-- duration: 0ms -->
        <step title="Triggering recycle (preview mode disabled)." date="2025-11-11T22:18:03.164" /><!-- duration: 0ms -->
        <step title="Ignoring FS watcher based recycle request as this is a classic Windows app." date="2025-11-11T22:18:03.164" /><!-- duration: 0ms -->
        <step title="Deployment successful. DEPLOYMENTINFO: deploymentPath = ZipDeploy. Extract zip. , deployer = ZipDeploy, os = windows, sku = Free, siteName = PoTicTac, siteHostName = potictac.azurewebsites.net, deploymentStatus = Success" date="2025-11-11T22:18:03.196" /><!-- duration: 16ms -->
      </step><!-- duration: 5694ms -->
    </step><!-- duration: 5882ms -->
    <step title="Cleaning up temp files" date="2025-11-11T22:18:03.305" /><!-- duration: 0ms -->
    <step title="Skip function trigger and logicapp sync because function is not enabled." date="2025-11-11T22:18:03.305" /><!-- duration: 0ms -->
  </step><!-- duration: 7241ms -->
  <step title="LockFile &apos;C:\home\site\locks\deployments.lock&apos; released" date="2025-11-11T22:18:03.352" /><!-- duration: 16ms -->
  <step title="Deleting shutdown sentinel file" date="2025-11-11T22:18:03.368" SemaphoreCount="8" /><!-- duration: 0ms -->
</step><!-- duration: 7319ms -->
