<step title="BackgroundTrace" date="2025-11-11T21:31:17.713" instance="92ca53" url="/api/zipdeploy" method="POST" >
  <step title="Updating shutdown sentinel last write time" date="2025-11-11T21:31:17.713" SemaphoreCount="7" /><!-- duration: 16ms -->
  <step title="LockFile &apos;C:\home\site\locks\deployments.lock&apos; acquired" date="2025-11-11T21:31:17.728" /><!-- duration: 0ms -->
  <step title="Creating temporary deployment" date="2025-11-11T21:31:17.728" /><!-- duration: 62ms -->
  <step title="Performing fetch based deployment" date="2025-11-11T21:31:17.791" >
    <step title="Fetching changes." date="2025-11-11T21:31:17.885" /><!-- duration: 16ms -->
    <step title="Starting LocalZipHandler" date="2025-11-11T21:31:17.900" /><!-- duration: 0ms -->
    <step title="Cleaning up temp folders from previous zip deployments and extracting pushed zip file C:\local\Temp\zipdeploy\2dq1dk30.zip (37.30 MB) to C:\local\Temp\zipdeploy\extracted" date="2025-11-11T21:31:17.931" /><!-- duration: 16ms -->
    <step title="Cleaning up temp folders from previous zip deployments and extracting pushed zip file C:\local\Temp\zipdeploy\2dq1dk30.zip (37.30 MB) to C:\local\Temp\zipdeploy\extracted" date="2025-11-11T21:31:17.947" >
      <step title="Extracting 612 entries to C:\local\Temp\zipdeploy\extracted directory" date="2025-11-11T21:31:17.963" >
        <step title="Extracting to C:\local\Temp\zipdeploy\extracted\Azure.Core.dll ..." date="2025-11-11T21:31:17.978" /><!-- duration: 16ms -->
        <step title="Extracting to C:\local\Temp\zipdeploy\extracted\Azure.Data.Tables.dll ..." date="2025-11-11T21:31:18.010" /><!-- duration: 16ms -->
        <step title="Extracting to C:\local\Temp\zipdeploy\extracted\Azure.Identity.dll ..." date="2025-11-11T21:31:18.025" /><!-- duration: 0ms -->
        <step title="Extracting to C:\local\Temp\zipdeploy\extracted\BlazorDebugProxy\BrowserDebugHost.dll ..." date="2025-11-11T21:31:18.041" /><!-- duration: 0ms -->
        <step title="Extracting to C:\local\Temp\zipdeploy\extracted\BlazorDebugProxy\BrowserDebugHost.runtimeconfig.json ..." date="2025-11-11T21:31:18.041" /><!-- duration: 0ms -->
        <step title="Omitting extracting file traces ..." date="2025-11-11T21:31:18.056" /><!-- duration: 0ms -->
        <step title="Extracting to C:\local\Temp\zipdeploy\extracted\wwwroot\lib\bootstrap\dist\js\bootstrap.min.js.br ..." date="2025-11-11T21:31:19.135" /><!-- duration: 0ms -->
        <step title="Extracting to C:\local\Temp\zipdeploy\extracted\wwwroot\lib\bootstrap\dist\js\bootstrap.min.js.gz ..." date="2025-11-11T21:31:19.135" /><!-- duration: 0ms -->
        <step title="Extracting to C:\local\Temp\zipdeploy\extracted\wwwroot\lib\bootstrap\dist\js\bootstrap.min.js.map ..." date="2025-11-11T21:31:19.150" /><!-- duration: 0ms -->
        <step title="Extracting to C:\local\Temp\zipdeploy\extracted\wwwroot\lib\bootstrap\dist\js\bootstrap.min.js.map.br ..." date="2025-11-11T21:31:19.150" /><!-- duration: 47ms -->
        <step title="Extracting to C:\local\Temp\zipdeploy\extracted\wwwroot\lib\bootstrap\dist\js\bootstrap.min.js.map.gz ..." date="2025-11-11T21:31:19.197" /><!-- duration: 0ms -->
      </step><!-- duration: 1234ms -->
    </step><!-- duration: 1266ms -->
    <step title="Before sending BuildRequestReceived status to /api/updatedeploystatus" date="2025-11-11T21:31:19.213" /><!-- duration: 0ms -->
    <step title="DeploymentManager.Deploy(id:4152d4af909a45798efcc8b634a15dfc)" date="2025-11-11T21:31:19.228" >
      <step title="Collecting changeset information" date="2025-11-11T21:31:19.228" /><!-- duration: 31ms -->
      <step title="Updating submodules" date="2025-11-11T21:31:19.260" >
        <step title="Updating submodules." date="2025-11-11T21:31:19.291" /><!-- duration: 0ms -->
      </step><!-- duration: 31ms -->
      <step title="Preparing deployment for commit id &apos;4152d4af90&apos;." date="2025-11-11T21:31:19.338" /><!-- duration: 0ms -->
      <step title="Determining deployment builder" date="2025-11-11T21:31:19.353" >
        <step title="Builder is BasicBuilder" date="2025-11-11T21:31:19.369" /><!-- duration: 0ms -->
      </step><!-- duration: 16ms -->
      <step title="Copying SSH keys" date="2025-11-11T21:31:19.434" /><!-- duration: 0ms -->
      <step title="Building" date="2025-11-11T21:31:19.434" >
        <step title="Generating deployment script." date="2025-11-11T21:31:19.465" /><!-- duration: 16ms -->
        <step title="Generating deployment script" date="2025-11-11T21:31:19.481" >
          <step title="Using cached version of the deployment script for command: -y --no-dot-deployment -r &quot;C:\local\Temp\zipdeploy\extracted&quot; -o &quot;C:\home\site\deployments\tools&quot; --basic --sitePath &quot;C:\local\Temp\zipdeploy\extracted&quot;" date="2025-11-11T21:31:19.527" /><!-- duration: 0ms -->
          <step title="Using cached version of deployment script (command: &apos;azure -y --no-dot-deployment -r &quot;C:\local\Temp\zipdeploy\extracted&quot; -o &quot;C:\home\site\deployments\tools&quot; --basic --sitePath &quot;C:\local\Temp\zipdeploy\extracted&quot;&apos;)." date="2025-11-11T21:31:19.527" /><!-- duration: 16ms -->
        </step><!-- duration: 62ms -->
        <step title="Running deployment command..." date="2025-11-11T21:31:19.574" /><!-- duration: 0ms -->
        <step title="Command: &quot;C:\home\site\deployments\tools\deploy.cmd&quot;" date="2025-11-11T21:31:19.590" /><!-- duration: 0ms -->
        <step title="Executing external process" date="2025-11-11T21:31:19.606" type="process" path="starter.cmd" arguments="&quot;C:\home\site\deployments\tools\deploy.cmd&quot;" >
          <step title="Handling Basic Web Site deployment." date="2025-11-11T21:31:19.793" /><!-- duration: 16ms -->
          <step title="Creating app_offline.htm" date="2025-11-11T21:31:20.074" /><!-- duration: 0ms -->
          <step title="KuduSync.NET from: &apos;C:\local\Temp\zipdeploy\extracted&apos; to: &apos;C:\home\site\wwwroot&apos;" date="2025-11-11T21:31:20.090" /><!-- duration: 0ms -->
          <step title="Deleting file: &apos;appsettings.Development.json&apos;" date="2025-11-11T21:31:20.090" /><!-- duration: 0ms -->
          <step title="Deleting file: &apos;appsettings.json&apos;" date="2025-11-11T21:31:20.106" /><!-- duration: 0ms -->
          <step title="Deleting file: &apos;PoTicTac.Client.dll&apos;" date="2025-11-11T21:31:20.106" /><!-- duration: 16ms -->
          <step title="Deleting file: &apos;PoTicTac.Client.pdb&apos;" date="2025-11-11T21:31:20.137" /><!-- duration: 0ms -->
          <step title="Deleting file: &apos;PoTicTacServer&apos;" date="2025-11-11T21:31:20.137" /><!-- duration: 16ms -->
          <step title="Deleting file: &apos;PoTicTacServer.deps.json&apos;" date="2025-11-11T21:31:20.152" /><!-- duration: 0ms -->
          <step title="Deleting file: &apos;PoTicTacServer.dll&apos;" date="2025-11-11T21:31:20.168" /><!-- duration: 2ms -->
          <step title="Deleting file: &apos;PoTicTacServer.pdb&apos;" date="2025-11-11T21:31:20.170" /><!-- duration: 0ms -->
          <step title="Deleting file: &apos;PoTicTacServer.runtimeconfig.json&apos;" date="2025-11-11T21:31:20.186" /><!-- duration: 0ms -->
          <step title="Deleting file: &apos;PoTicTacServer.staticwebassets.endpoints.json&apos;" date="2025-11-11T21:31:20.186" /><!-- duration: 16ms -->
          <step title="Deleting file: &apos;Radzen.Blazor.dll&apos;" date="2025-11-11T21:31:20.202" /><!-- duration: 0ms -->
          <step title="Copying file: &apos;Azure.Identity.dll&apos;" date="2025-11-11T21:31:20.217" /><!-- duration: 0ms -->
          <step title="Copying file: &apos;CommandLine.dll&apos;" date="2025-11-11T21:31:20.217" /><!-- duration: 0ms -->
          <step title="Copying file: &apos;MediatR.Contracts.dll&apos;" date="2025-11-11T21:31:20.233" /><!-- duration: 0ms -->
          <step title="Copying file: &apos;MediatR.dll&apos;" date="2025-11-11T21:31:20.233" /><!-- duration: 0ms -->
          <step title="Copying file: &apos;Microsoft.AI.DependencyCollector.dll&apos;" date="2025-11-11T21:31:20.249" /><!-- duration: 0ms -->
          <step title="Copying file: &apos;Microsoft.AI.EventCounterCollector.dll&apos;" date="2025-11-11T21:31:20.249" /><!-- duration: 16ms -->
          <step title="Copying file: &apos;Microsoft.AI.PerfCounterCollector.dll&apos;" date="2025-11-11T21:31:20.264" /><!-- duration: 0ms -->
          <step title="Copying file: &apos;Microsoft.AI.ServerTelemetryChannel.dll&apos;" date="2025-11-11T21:31:20.280" /><!-- duration: 0ms -->
          <step title="Copying file: &apos;Microsoft.AI.WindowsServer.dll&apos;" date="2025-11-11T21:31:20.280" /><!-- duration: 0ms -->
          <step title="Copying file: &apos;Microsoft.ApplicationInsights.AspNetCore.dll&apos;" date="2025-11-11T21:31:20.295" /><!-- duration: 0ms -->
          <step title="Copying file: &apos;Microsoft.ApplicationInsights.dll&apos;" date="2025-11-11T21:31:20.295" /><!-- duration: 0ms -->
          <step title="Copying file: &apos;Microsoft.ApplicationInsights.Profiler.AspNetCore.dll&apos;" date="2025-11-11T21:31:20.311" /><!-- duration: 0ms -->
          <step title="Copying file: &apos;Microsoft.ApplicationInsights.Profiler.Core.dll&apos;" date="2025-11-11T21:31:20.311" /><!-- duration: 16ms -->
          <step title="Copying file: &apos;Microsoft.ApplicationInsights.Profiler.HostingStartup30.dll&apos;" date="2025-11-11T21:31:20.327" /><!-- duration: 0ms -->
          <step title="Copying file: &apos;Microsoft.ApplicationInsights.Profiler.Logging.dll&apos;" date="2025-11-11T21:31:20.342" /><!-- duration: 0ms -->
          <step title="Copying file: &apos;Microsoft.ApplicationInsights.SnapshotCollector.dll&apos;" date="2025-11-11T21:31:20.342" /><!-- duration: 0ms -->
          <step title="Copying file: &apos;Microsoft.Diagnostics.NETCore.Client.dll&apos;" date="2025-11-11T21:31:20.358" /><!-- duration: 0ms -->
          <step title="Copying file: &apos;Microsoft.Extensions.Logging.ApplicationInsights.dll&apos;" date="2025-11-11T21:31:20.358" /><!-- duration: 16ms -->
          <step title="Copying file: &apos;Microsoft.FluentUI.AspNetCore.Components.dll&apos;" date="2025-11-11T21:31:20.389" /><!-- duration: 0ms -->
          <step title="Copying file: &apos;Microsoft.Identity.Client.dll&apos;" date="2025-11-11T21:31:20.405" /><!-- duration: 0ms -->
          <step title="Copying file: &apos;Microsoft.Identity.Client.Extensions.Msal.dll&apos;" date="2025-11-11T21:31:20.405" /><!-- duration: 16ms -->
          <step title="Copying file: &apos;Microsoft.IdentityModel.Abstractions.dll&apos;" date="2025-11-11T21:31:20.420" /><!-- duration: 16ms -->
          <step title="Copying file: &apos;Microsoft.IdentityModel.JsonWebTokens.dll&apos;" date="2025-11-11T21:31:20.436" /><!-- duration: 0ms -->
          <step title="Copying file: &apos;Microsoft.IdentityModel.Logging.dll&apos;" date="2025-11-11T21:31:20.452" /><!-- duration: 0ms -->
          <step title="Copying file: &apos;Microsoft.IdentityModel.Tokens.dll&apos;" date="2025-11-11T21:31:20.452" /><!-- duration: 16ms -->
          <step title="Copying file: &apos;Microsoft.ServiceProfiler.Agent.Exceptions.dll&apos;" date="2025-11-11T21:31:20.467" /><!-- duration: 0ms -->
          <step title="Copying file: &apos;Microsoft.ServiceProfiler.Agent.FrontendClient.dll&apos;" date="2025-11-11T21:31:20.483" /><!-- duration: 0ms -->
          <step title="Copying file: &apos;Microsoft.ServiceProfiler.Agent.FrontendClient.Profiler.dll&apos;" date="2025-11-11T21:31:20.483" /><!-- duration: 0ms -->
          <step title="Copying file: &apos;Microsoft.ServiceProfiler.Common.Utilities.dll&apos;" date="2025-11-11T21:31:20.498" /><!-- duration: 0ms -->
          <step title="Copying file: &apos;Microsoft.ServiceProfiler.Contract.Agent.dll&apos;" date="2025-11-11T21:31:20.498" /><!-- duration: 16ms -->
          <step title="Copying file: &apos;Microsoft.ServiceProfiler.Contract.Agent.Profiler.dll&apos;" date="2025-11-11T21:31:20.514" /><!-- duration: 0ms -->
          <step title="Copying file: &apos;Microsoft.ServiceProfiler.Contract.Http.dll&apos;" date="2025-11-11T21:31:20.531" /><!-- duration: 16ms -->
          <step title="Copying file: &apos;Microsoft.ServiceProfiler.EventPipe.Orchestration.dll&apos;" date="2025-11-11T21:31:20.579" /><!-- duration: 0ms -->
          <step title="Copying file: &apos;Microsoft.ServiceProfiler.HttpPipeline.dll&apos;" date="2025-11-11T21:31:20.579" /><!-- duration: 16ms -->
          <step title="Copying file: &apos;Microsoft.ServiceProfiler.Logging.dll&apos;" date="2025-11-11T21:31:20.595" /><!-- duration: 0ms -->
          <step title="Copying file: &apos;Microsoft.ServiceProfiler.Orchestration.dll&apos;" date="2025-11-11T21:31:20.610" /><!-- duration: 0ms -->
          <step title="Copying file: &apos;Microsoft.ServiceProfiler.ProcessMonitor.dll&apos;" date="2025-11-11T21:31:20.610" /><!-- duration: 0ms -->
          <step title="Omitting next output lines..." date="2025-11-11T21:31:20.626" /><!-- duration: 0ms -->
          <step title="Finished successfully." date="2025-11-11T21:31:25.317" /><!-- duration: 0ms -->
        </step><!-- duration: 5711ms -->
        <step title="Running post deployment command(s)..." date="2025-11-11T21:31:25.364" /><!-- duration: 0ms -->
        <step title="Triggering recycle (preview mode disabled)." date="2025-11-11T21:31:25.410" /><!-- duration: 0ms -->
        <step title="Ignoring FS watcher based recycle request as this is a classic Windows app." date="2025-11-11T21:31:25.410" /><!-- duration: 0ms -->
        <step title="Deployment successful. DEPLOYMENTINFO: deploymentPath = ZipDeploy. Extract zip. , deployer = ZipDeploy, os = windows, sku = Free, siteName = PoTicTac, siteHostName = potictac.azurewebsites.net, deploymentStatus = Success" date="2025-11-11T21:31:25.457" /><!-- duration: 0ms -->
      </step><!-- duration: 6149ms -->
    </step><!-- duration: 6369ms -->
    <step title="Cleaning up temp files" date="2025-11-11T21:31:25.598" /><!-- duration: 16ms -->
    <step title="Skip function trigger and logicapp sync because function is not enabled." date="2025-11-11T21:31:25.614" /><!-- duration: 0ms -->
  </step><!-- duration: 7854ms -->
  <step title="LockFile &apos;C:\home\site\locks\deployments.lock&apos; released" date="2025-11-11T21:31:25.660" /><!-- duration: 0ms -->
  <step title="Deleting shutdown sentinel file" date="2025-11-11T21:31:25.660" SemaphoreCount="8" /><!-- duration: 16ms -->
</step><!-- duration: 7963ms -->
