<step title="Incoming Request" date="2025-10-08T01:49:27.430" instance="79e06d" url="/api/zipdeploy?isAsync=true" method="POST" type="request" pid="7244,2,8" Content-Length="35135181" Content-Type="application/octet-stream" Accept="application/json" Accept-Encoding="gzip" Authorization="Bea..." Host="potictac.scm.azurewebsites.net" User-Agent="azsdk-go-zip-deploy/1.0.0 (go1.25.0 X:loopvar; linux),azdev/1.19.0 (Go go1.25.0 X:loopvar; linux/amd64) GhActions" x-ms-correlation-request-id="c82d3e437f814228fd4f103510c22796" X-ARR-LOG-ID="c82d3e43-7f81-4228-fd4f-103510c22796" CLIENT-IP="172.172.153.34:9216" X-SITE-DEPLOYMENT-ID="PoTicTac" WAS-DEFAULT-HOSTNAME="potictac.scm.azurewebsites.net" X-Forwarded-Proto="https" X-AppService-Proto="https" X-Forwarded-TlsVersion="1.3" X-WAWS-Unencoded-URL="/api/zipdeploy?isAsync=true" >
  <step title="ZipPushDeploy" date="2025-10-08T01:49:27.695" >
    <step title="ZipDeploy. Extract zip. " date="2025-10-08T01:49:27.711" /><!-- duration: 0ms -->
    <step title="Starting PushDeployAsync" date="2025-10-08T01:49:27.711" /><!-- duration: 16ms -->
    <step title="Updating shutdown sentinel last write time" date="2025-10-08T01:49:27.742" SemaphoreCount="7" /><!-- duration: 0ms -->
    <step title="LockFile &apos;C:\home\site\locks\deployments.lock&apos; acquired" date="2025-10-08T01:49:27.742" /><!-- duration: 16ms -->
    <step title="Saving request content to C:\local\Temp\zipdeploy\ovywf4m5.zip" date="2025-10-08T01:49:27.758" >
      <step title="Total 35,135,181 bytes written to C:\local\Temp\zipdeploy\ovywf4m5.zip" date="2025-10-08T01:49:28.117" /><!-- duration: 16ms -->
    </step><!-- duration: 375ms -->
    <step title="LockFile &apos;C:\home\site\locks\deployments.lock&apos; released" date="2025-10-08T01:49:28.133" /><!-- duration: 0ms -->
    <step title="Deleting shutdown sentinel file" date="2025-10-08T01:49:28.148" SemaphoreCount="8" /><!-- duration: 0ms -->
    <step title="Starting FetchDeploy" date="2025-10-08T01:49:28.148" /><!-- duration: 16ms -->
    <step title="Start deployment in the background" date="2025-10-08T01:49:28.164" /><!-- duration: 47ms -->
  </step><!-- duration: 531ms -->
  <step title="Outgoing response" date="2025-10-08T01:49:28.226" type="response" statusCode="202" statusText="Accepted" Server="Microsoft-IIS/10.0" x-ms-request-id="c82d3e43-7f81-4228-fd4f-103510c22796" Retry-After="30" Cache-Control="private" X-AspNet-Version="4.0.30319" Location="https://potictac.scm.azurewebsites.net/api/deployments/latest?deployer=ZipDeploy&amp;time=2025-10-08_01-49-28Z" /><!-- duration: 0ms -->
</step><!-- duration: 828ms -->
