<step title="Incoming Request" date="2025-10-08T00:48:24.897" instance="79e06d" url="/api/zipdeploy?isAsync=true" method="POST" type="request" pid="12116,2,8" Content-Length="35135339" Content-Type="application/octet-stream" Accept="application/json" Accept-Encoding="gzip" Authorization="Bea..." Host="potictac.scm.azurewebsites.net" User-Agent="azsdk-go-zip-deploy/1.0.0 (go1.25.0 X:loopvar; linux),azdev/1.19.0 (Go go1.25.0 X:loopvar; linux/amd64) GhActions" x-ms-correlation-request-id="877e03b2b47cfcc12c5e52b8e79abe27" X-ARR-LOG-ID="877e03b2-b47c-fcc1-2c5e-52b8e79abe27" CLIENT-IP="135.232.201.81:63496" X-SITE-DEPLOYMENT-ID="PoTicTac" WAS-DEFAULT-HOSTNAME="potictac.scm.azurewebsites.net" X-Forwarded-Proto="https" X-AppService-Proto="https" X-Forwarded-TlsVersion="1.3" X-WAWS-Unencoded-URL="/api/zipdeploy?isAsync=true" >
  <step title="ZipPushDeploy" date="2025-10-08T00:48:25.193" >
    <step title="ZipDeploy. Extract zip. " date="2025-10-08T00:48:25.225" /><!-- duration: 0ms -->
    <step title="Starting PushDeployAsync" date="2025-10-08T00:48:25.240" /><!-- duration: 0ms -->
    <step title="Updating shutdown sentinel last write time" date="2025-10-08T00:48:25.287" SemaphoreCount="7" /><!-- duration: 16ms -->
    <step title="LockFile &apos;C:\home\site\locks\deployments.lock&apos; acquired" date="2025-10-08T00:48:25.303" /><!-- duration: 0ms -->
    <step title="Saving request content to C:\local\Temp\zipdeploy\fhmlxae3.zip" date="2025-10-08T00:48:25.318" >
      <step title="Total 35,135,339 bytes written to C:\local\Temp\zipdeploy\fhmlxae3.zip" date="2025-10-08T00:48:26.553" /><!-- duration: 0ms -->
    </step><!-- duration: 1234ms -->
    <step title="LockFile &apos;C:\home\site\locks\deployments.lock&apos; released" date="2025-10-08T00:48:26.568" /><!-- duration: 0ms -->
    <step title="Deleting shutdown sentinel file" date="2025-10-08T00:48:26.568" SemaphoreCount="8" /><!-- duration: 16ms -->
    <step title="Starting FetchDeploy" date="2025-10-08T00:48:26.584" /><!-- duration: 0ms -->
    <step title="Start deployment in the background" date="2025-10-08T00:48:26.584" /><!-- duration: 94ms -->
  </step><!-- duration: 1485ms -->
  <step title="Outgoing response" date="2025-10-08T00:48:26.725" type="response" statusCode="202" statusText="Accepted" Server="Microsoft-IIS/10.0" x-ms-request-id="877e03b2-b47c-fcc1-2c5e-52b8e79abe27" Retry-After="30" Cache-Control="private" X-AspNet-Version="4.0.30319" Location="https://potictac.scm.azurewebsites.net/api/deployments/latest?deployer=ZipDeploy&amp;time=2025-10-08_00-48-26Z" /><!-- duration: 0ms -->
</step><!-- duration: 1828ms -->
