<step title="Incoming Request" date="2025-10-08T00:51:13.785" instance="79e06d" url="/api/zipdeploy?isAsync=true" method="POST" type="request" pid="12116,2,27" Content-Length="35135181" Content-Type="application/octet-stream" Accept="application/json" Accept-Encoding="gzip" Authorization="Bea..." Host="potictac.scm.azurewebsites.net" User-Agent="azsdk-go-zip-deploy/1.0.0 (go1.25.0 X:loopvar; linux),azdev/1.19.0 (Go go1.25.0 X:loopvar; linux/amd64) GhActions" x-ms-correlation-request-id="92ab3787a72d052a1f86b7d86bedb816" X-ARR-LOG-ID="92ab3787-a72d-052a-1f86-b7d86bedb816" CLIENT-IP="20.55.87.49:51208" X-SITE-DEPLOYMENT-ID="PoTicTac" WAS-DEFAULT-HOSTNAME="potictac.scm.azurewebsites.net" X-Forwarded-Proto="https" X-AppService-Proto="https" X-Forwarded-TlsVersion="1.3" X-WAWS-Unencoded-URL="/api/zipdeploy?isAsync=true" >
  <step title="Cleanup Xml Logs" date="2025-10-08T00:51:13.785" /><!-- duration: 16ms -->
  <step title="ZipPushDeploy" date="2025-10-08T00:51:13.801" >
    <step title="ZipDeploy. Extract zip. " date="2025-10-08T00:51:13.801" /><!-- duration: 16ms -->
    <step title="Starting PushDeployAsync" date="2025-10-08T00:51:13.816" /><!-- duration: 0ms -->
    <step title="Updating shutdown sentinel last write time" date="2025-10-08T00:51:13.816" SemaphoreCount="7" /><!-- duration: 16ms -->
    <step title="LockFile &apos;C:\home\site\locks\deployments.lock&apos; acquired" date="2025-10-08T00:51:13.848" /><!-- duration: 0ms -->
    <step title="Saving request content to C:\local\Temp\zipdeploy\4jcfvp3d.zip" date="2025-10-08T00:51:13.848" >
      <step title="Total 35,135,181 bytes written to C:\local\Temp\zipdeploy\4jcfvp3d.zip" date="2025-10-08T00:51:14.228" /><!-- duration: 0ms -->
    </step><!-- duration: 381ms -->
    <step title="LockFile &apos;C:\home\site\locks\deployments.lock&apos; released" date="2025-10-08T00:51:14.228" /><!-- duration: 16ms -->
    <step title="Deleting shutdown sentinel file" date="2025-10-08T00:51:14.260" SemaphoreCount="8" /><!-- duration: 0ms -->
    <step title="Starting FetchDeploy" date="2025-10-08T00:51:14.260" /><!-- duration: 0ms -->
    <step title="Start deployment in the background" date="2025-10-08T00:51:14.260" /><!-- duration: 47ms -->
  </step><!-- duration: 506ms -->
  <step title="Outgoing response" date="2025-10-08T00:51:14.306" type="response" statusCode="202" statusText="Accepted" Server="Microsoft-IIS/10.0" x-ms-request-id="92ab3787-a72d-052a-1f86-b7d86bedb816" Retry-After="30" Cache-Control="private" X-AspNet-Version="4.0.30319" Location="https://potictac.scm.azurewebsites.net/api/deployments/latest?deployer=ZipDeploy&amp;time=2025-10-08_00-51-14Z" /><!-- duration: 16ms -->
</step><!-- duration: 537ms -->
