<step title="Incoming Request" date="2025-11-11T21:31:15.206" instance="92ca53" url="/api/zipdeploy?isAsync=true" method="POST" type="request" pid="10680,2,7" Connection="Keep-Alive" Content-Length="39113917" Content-Type="application/octet-stream" Accept="application/json" Accept-Encoding="gzip" Authorization="Bea..." Host="potictac.scm.azurewebsites.net" User-Agent="azsdk-go-zip-deploy/1.0.0 (go1.25.0 X:loopvar; linux),azdev/1.21.0 (Go go1.25.0 X:loopvar; linux/amd64) GhActions" x-ms-correlation-request-id="eb05d40852044b5da6e4e3d582d5ddf8" X-ARR-LOG-ID="eb05d408-5204-4b5d-a6e4-e3d582d5ddf8" CLIENT-IP="132.196.19.22:9217" X-SITE-DEPLOYMENT-ID="PoTicTac" WAS-DEFAULT-HOSTNAME="potictac.scm.azurewebsites.net" X-Forwarded-Proto="https" X-AppService-Proto="https" X-Forwarded-TlsVersion="1.3" X-WAWS-Unencoded-URL="/api/zipdeploy?isAsync=true" X-MS-COLDSTART="1" >
  <step title="ZipPushDeploy" date="2025-11-11T21:31:15.800" >
    <step title="ZipDeploy. Extract zip. " date="2025-11-11T21:31:15.816" /><!-- duration: 16ms -->
    <step title="Starting PushDeployAsync" date="2025-11-11T21:31:15.831" /><!-- duration: 0ms -->
    <step title="Updating shutdown sentinel last write time" date="2025-11-11T21:31:15.894" SemaphoreCount="7" /><!-- duration: 0ms -->
    <step title="LockFile &apos;C:\home\site\locks\deployments.lock&apos; acquired" date="2025-11-11T21:31:15.894" /><!-- duration: 0ms -->
    <step title="Saving request content to C:\local\Temp\zipdeploy\2dq1dk30.zip" date="2025-11-11T21:31:15.910" >
      <step title="Total 39,113,917 bytes written to C:\local\Temp\zipdeploy\2dq1dk30.zip" date="2025-11-11T21:31:17.650" /><!-- duration: 0ms -->
    </step><!-- duration: 1756ms -->
    <step title="LockFile &apos;C:\home\site\locks\deployments.lock&apos; released" date="2025-11-11T21:31:17.666" /><!-- duration: 0ms -->
    <step title="Deleting shutdown sentinel file" date="2025-11-11T21:31:17.682" SemaphoreCount="8" /><!-- duration: 0ms -->
    <step title="Starting FetchDeploy" date="2025-11-11T21:31:17.697" /><!-- duration: 0ms -->
    <step title="Start deployment in the background" date="2025-11-11T21:31:17.697" /><!-- duration: 94ms -->
  </step><!-- duration: 1991ms -->
  <step title="Outgoing response" date="2025-11-11T21:31:17.869" type="response" statusCode="202" statusText="Accepted" Server="Microsoft-IIS/10.0" x-ms-request-id="eb05d408-5204-4b5d-a6e4-e3d582d5ddf8" Retry-After="30" Cache-Control="private" X-AspNet-Version="4.0.30319" Location="https://potictac.scm.azurewebsites.net/api/deployments/latest?deployer=ZipDeploy&amp;time=2025-11-11_21-31-17Z" /><!-- duration: 0ms -->
</step><!-- duration: 2663ms -->
