<step title="BackgroundTrace" date="2025-10-08T01:49:28.164" instance="79e06d" url="/api/zipdeploy" method="POST" >
  <step title="Updating shutdown sentinel last write time" date="2025-10-08T01:49:28.164" SemaphoreCount="7" /><!-- duration: 16ms -->
  <step title="LockFile &apos;C:\home\site\locks\deployments.lock&apos; acquired" date="2025-10-08T01:49:28.180" /><!-- duration: 0ms -->
  <step title="Creating temporary deployment" date="2025-10-08T01:49:28.180" /><!-- duration: 31ms -->
  <step title="Performing fetch based deployment" date="2025-10-08T01:49:28.211" >
    <step title="Fetching changes." date="2025-10-08T01:49:28.258" /><!-- duration: 16ms -->
    <step title="Starting LocalZipHandler" date="2025-10-08T01:49:28.273" /><!-- duration: 0ms -->
    <step title="Cleaning up temp folders from previous zip deployments and extracting pushed zip file C:\local\Temp\zipdeploy\ovywf4m5.zip (33.51 MB) to C:\local\Temp\zipdeploy\extracted" date="2025-10-08T01:49:28.305" /><!-- duration: 0ms -->
    <step title="Cleaning up temp folders from previous zip deployments and extracting pushed zip file C:\local\Temp\zipdeploy\ovywf4m5.zip (33.51 MB) to C:\local\Temp\zipdeploy\extracted" date="2025-10-08T01:49:28.320" >
      <step title="Renaming extractTargetDirectory(C:\local\Temp\zipdeploy\extracted) to tempDirectory(C:\local\Temp\zipdeploy\ndanyl44.g0u)" date="2025-10-08T01:49:28.320" /><!-- duration: 0ms -->
      <step title="Extracting 615 entries to C:\local\Temp\zipdeploy\extracted directory" date="2025-10-08T01:49:28.336" >
        <step title="Extracting to C:\local\Temp\zipdeploy\extracted\Azure.Core.dll ..." date="2025-10-08T01:49:28.351" /><!-- duration: 0ms -->
        <step title="Extracting to C:\local\Temp\zipdeploy\extracted\Azure.Data.Tables.dll ..." date="2025-10-08T01:49:28.367" /><!-- duration: 16ms -->
        <step title="Extracting to C:\local\Temp\zipdeploy\extracted\BlazorDebugProxy\BrowserDebugHost.dll ..." date="2025-10-08T01:49:28.383" /><!-- duration: 0ms -->
        <step title="Extracting to C:\local\Temp\zipdeploy\extracted\BlazorDebugProxy\BrowserDebugHost.runtimeconfig.json ..." date="2025-10-08T01:49:28.383" /><!-- duration: 16ms -->
        <step title="Extracting to C:\local\Temp\zipdeploy\extracted\BlazorDebugProxy\BrowserDebugProxy.dll ..." date="2025-10-08T01:49:28.398" /><!-- duration: 16ms -->
        <step title="Omitting extracting file traces ..." date="2025-10-08T01:49:28.414" /><!-- duration: 0ms -->
        <step title="Extracting to C:\local\Temp\zipdeploy\extracted\wwwroot\lib\bootstrap\dist\js\bootstrap.min.js.br ..." date="2025-10-08T01:49:29.555" /><!-- duration: 0ms -->
        <step title="Extracting to C:\local\Temp\zipdeploy\extracted\wwwroot\lib\bootstrap\dist\js\bootstrap.min.js.gz ..." date="2025-10-08T01:49:29.570" /><!-- duration: 0ms -->
        <step title="Extracting to C:\local\Temp\zipdeploy\extracted\wwwroot\lib\bootstrap\dist\js\bootstrap.min.js.map ..." date="2025-10-08T01:49:29.570" /><!-- duration: 0ms -->
        <step title="Extracting to C:\local\Temp\zipdeploy\extracted\wwwroot\lib\bootstrap\dist\js\bootstrap.min.js.map.br ..." date="2025-10-08T01:49:29.586" /><!-- duration: 0ms -->
        <step title="Extracting to C:\local\Temp\zipdeploy\extracted\wwwroot\lib\bootstrap\dist\js\bootstrap.min.js.map.gz ..." date="2025-10-08T01:49:29.586" /><!-- duration: 16ms -->
      </step><!-- duration: 1266ms -->
    </step><!-- duration: 1297ms -->
    <step title="Before sending BuildRequestReceived status to /api/updatedeploystatus" date="2025-10-08T01:49:29.617" /><!-- duration: 16ms -->
    <step title="DeploymentManager.Deploy(id:2ee0688abfc94d55a6a363e5a48c3714)" date="2025-10-08T01:49:29.633" >
      <step title="Collecting changeset information" date="2025-10-08T01:49:29.633" /><!-- duration: 47ms -->
      <step title="Updating submodules" date="2025-10-08T01:49:29.680" >
        <step title="Updating submodules." date="2025-10-08T01:49:29.711" /><!-- duration: 0ms -->
      </step><!-- duration: 47ms -->
      <step title="Preparing deployment for commit id &apos;2ee0688abf&apos;." date="2025-10-08T01:49:29.742" /><!-- duration: 16ms -->
      <step title="Determining deployment builder" date="2025-10-08T01:49:29.773" >
        <step title="Builder is BasicBuilder" date="2025-10-08T01:49:29.773" /><!-- duration: 16ms -->
      </step><!-- duration: 16ms -->
      <step title="Copying SSH keys" date="2025-10-08T01:49:29.805" /><!-- duration: 0ms -->
      <step title="Building" date="2025-10-08T01:49:29.805" >
        <step title="Generating deployment script." date="2025-10-08T01:49:29.836" /><!-- duration: 0ms -->
        <step title="Generating deployment script" date="2025-10-08T01:49:29.836" >
          <step title="Using cached version of the deployment script for command: -y --no-dot-deployment -r &quot;C:\local\Temp\zipdeploy\extracted&quot; -o &quot;C:\home\site\deployments\tools&quot; --basic --sitePath &quot;C:\local\Temp\zipdeploy\extracted&quot;" date="2025-10-08T01:49:29.851" /><!-- duration: 0ms -->
          <step title="Using cached version of deployment script (command: &apos;azure -y --no-dot-deployment -r &quot;C:\local\Temp\zipdeploy\extracted&quot; -o &quot;C:\home\site\deployments\tools&quot; --basic --sitePath &quot;C:\local\Temp\zipdeploy\extracted&quot;&apos;)." date="2025-10-08T01:49:29.867" /><!-- duration: 0ms -->
        </step><!-- duration: 31ms -->
        <step title="Running deployment command..." date="2025-10-08T01:49:29.898" /><!-- duration: 0ms -->
        <step title="Command: &quot;C:\home\site\deployments\tools\deploy.cmd&quot;" date="2025-10-08T01:49:29.914" /><!-- duration: 0ms -->
        <step title="Executing external process" date="2025-10-08T01:49:29.930" type="process" path="starter.cmd" arguments="&quot;C:\home\site\deployments\tools\deploy.cmd&quot;" >
          <step title="Handling Basic Web Site deployment." date="2025-10-08T01:49:30.086" /><!-- duration: 16ms -->
          <step title="Creating app_offline.htm" date="2025-10-08T01:49:30.367" /><!-- duration: 0ms -->
          <step title="KuduSync.NET from: &apos;C:\local\Temp\zipdeploy\extracted&apos; to: &apos;C:\home\site\wwwroot&apos;" date="2025-10-08T01:49:30.367" /><!-- duration: 0ms -->
          <step title="Copying file: &apos;appsettings.Development.json&apos;" date="2025-10-08T01:49:30.383" /><!-- duration: 0ms -->
          <step title="Copying file: &apos;appsettings.json&apos;" date="2025-10-08T01:49:30.383" /><!-- duration: 0ms -->
          <step title="Copying file: &apos;PoTicTac.Client.dll&apos;" date="2025-10-08T01:49:30.398" /><!-- duration: 0ms -->
          <step title="Copying file: &apos;PoTicTac.Client.pdb&apos;" date="2025-10-08T01:49:30.398" /><!-- duration: 0ms -->
          <step title="Copying file: &apos;PoTicTacServer&apos;" date="2025-10-08T01:49:30.414" /><!-- duration: 0ms -->
          <step title="Copying file: &apos;PoTicTacServer.deps.json&apos;" date="2025-10-08T01:49:30.414" /><!-- duration: 0ms -->
          <step title="Copying file: &apos;PoTicTacServer.dll&apos;" date="2025-10-08T01:49:30.430" /><!-- duration: 0ms -->
          <step title="Copying file: &apos;PoTicTacServer.pdb&apos;" date="2025-10-08T01:49:30.430" /><!-- duration: 0ms -->
          <step title="Copying file: &apos;PoTicTacServer.runtimeconfig.json&apos;" date="2025-10-08T01:49:30.445" /><!-- duration: 0ms -->
          <step title="Copying file: &apos;PoTicTacServer.staticwebassets.endpoints.json&apos;" date="2025-10-08T01:49:30.445" /><!-- duration: 16ms -->
          <step title="Copying file: &apos;wwwroot\favicon.png&apos;" date="2025-10-08T01:49:30.461" /><!-- duration: 0ms -->
          <step title="Copying file: &apos;wwwroot\icon-192.png&apos;" date="2025-10-08T01:49:30.461" /><!-- duration: 16ms -->
          <step title="Copying file: &apos;wwwroot\index.html&apos;" date="2025-10-08T01:49:30.476" /><!-- duration: 0ms -->
          <step title="Copying file: &apos;wwwroot\index.html.br&apos;" date="2025-10-08T01:49:30.492" /><!-- duration: 0ms -->
          <step title="Copying file: &apos;wwwroot\index.html.gz&apos;" date="2025-10-08T01:49:30.492" /><!-- duration: 0ms -->
          <step title="Copying file: &apos;wwwroot\PoTicTac.Client.styles.css&apos;" date="2025-10-08T01:49:30.508" /><!-- duration: 0ms -->
          <step title="Copying file: &apos;wwwroot\PoTicTac.Client.styles.css.br&apos;" date="2025-10-08T01:49:30.508" /><!-- duration: 0ms -->
          <step title="Copying file: &apos;wwwroot\PoTicTac.Client.styles.css.gz&apos;" date="2025-10-08T01:49:30.523" /><!-- duration: 0ms -->
          <step title="Copying file: &apos;wwwroot\css\app.css&apos;" date="2025-10-08T01:49:30.523" /><!-- duration: 16ms -->
          <step title="Copying file: &apos;wwwroot\css\app.css.br&apos;" date="2025-10-08T01:49:30.539" /><!-- duration: 0ms -->
          <step title="Copying file: &apos;wwwroot\css\app.css.gz&apos;" date="2025-10-08T01:49:30.539" /><!-- duration: 16ms -->
          <step title="Copying file: &apos;wwwroot\css\diag.css&apos;" date="2025-10-08T01:49:30.570" /><!-- duration: 0ms -->
          <step title="Copying file: &apos;wwwroot\css\diag.css.br&apos;" date="2025-10-08T01:49:30.586" /><!-- duration: 0ms -->
          <step title="Copying file: &apos;wwwroot\css\diag.css.gz&apos;" date="2025-10-08T01:49:30.586" /><!-- duration: 16ms -->
          <step title="Copying file: &apos;wwwroot\css\difficulty-selector.css&apos;" date="2025-10-08T01:49:30.601" /><!-- duration: 0ms -->
          <step title="Copying file: &apos;wwwroot\css\difficulty-selector.css.br&apos;" date="2025-10-08T01:49:30.601" /><!-- duration: 16ms -->
          <step title="Copying file: &apos;wwwroot\css\difficulty-selector.css.gz&apos;" date="2025-10-08T01:49:30.617" /><!-- duration: 0ms -->
          <step title="Copying file: &apos;wwwroot\css\game.css&apos;" date="2025-10-08T01:49:30.664" /><!-- duration: 0ms -->
          <step title="Copying file: &apos;wwwroot\css\game.css.br&apos;" date="2025-10-08T01:49:30.680" /><!-- duration: 16ms -->
          <step title="Copying file: &apos;wwwroot\css\game.css.gz&apos;" date="2025-10-08T01:49:30.695" /><!-- duration: 0ms -->
          <step title="Copying file: &apos;wwwroot\css\gameboard.css&apos;" date="2025-10-08T01:49:30.695" /><!-- duration: 16ms -->
          <step title="Copying file: &apos;wwwroot\css\gameboard.css.br&apos;" date="2025-10-08T01:49:30.711" /><!-- duration: 0ms -->
          <step title="Copying file: &apos;wwwroot\css\gameboard.css.gz&apos;" date="2025-10-08T01:49:30.742" /><!-- duration: 0ms -->
          <step title="Copying file: &apos;wwwroot\css\stats.css&apos;" date="2025-10-08T01:49:30.758" /><!-- duration: 0ms -->
          <step title="Copying file: &apos;wwwroot\css\stats.css.br&apos;" date="2025-10-08T01:49:30.758" /><!-- duration: 0ms -->
          <step title="Copying file: &apos;wwwroot\css\stats.css.gz&apos;" date="2025-10-08T01:49:30.774" /><!-- duration: 0ms -->
          <step title="Copying file: &apos;wwwroot\lib\bootstrap\dist\css\bootstrap-grid.css&apos;" date="2025-10-08T01:49:30.774" /><!-- duration: 15ms -->
          <step title="Copying file: &apos;wwwroot\lib\bootstrap\dist\css\bootstrap-grid.css.br&apos;" date="2025-10-08T01:49:30.789" /><!-- duration: 31ms -->
          <step title="Copying file: &apos;wwwroot\lib\bootstrap\dist\css\bootstrap-grid.css.gz&apos;" date="2025-10-08T01:49:30.836" /><!-- duration: 0ms -->
          <step title="Copying file: &apos;wwwroot\lib\bootstrap\dist\css\bootstrap-grid.css.map&apos;" date="2025-10-08T01:49:30.851" /><!-- duration: 0ms -->
          <step title="Copying file: &apos;wwwroot\lib\bootstrap\dist\css\bootstrap-grid.css.map.br&apos;" date="2025-10-08T01:49:30.851" /><!-- duration: 0ms -->
          <step title="Copying file: &apos;wwwroot\lib\bootstrap\dist\css\bootstrap-grid.css.map.gz&apos;" date="2025-10-08T01:49:30.867" /><!-- duration: 0ms -->
          <step title="Copying file: &apos;wwwroot\lib\bootstrap\dist\css\bootstrap-grid.min.css&apos;" date="2025-10-08T01:49:30.867" /><!-- duration: 0ms -->
          <step title="Copying file: &apos;wwwroot\lib\bootstrap\dist\css\bootstrap-grid.min.css.br&apos;" date="2025-10-08T01:49:30.883" /><!-- duration: 0ms -->
          <step title="Copying file: &apos;wwwroot\lib\bootstrap\dist\css\bootstrap-grid.min.css.gz&apos;" date="2025-10-08T01:49:30.883" /><!-- duration: 16ms -->
          <step title="Copying file: &apos;wwwroot\lib\bootstrap\dist\css\bootstrap-grid.min.css.map&apos;" date="2025-10-08T01:49:30.898" /><!-- duration: 0ms -->
          <step title="Copying file: &apos;wwwroot\lib\bootstrap\dist\css\bootstrap-grid.min.css.map.br&apos;" date="2025-10-08T01:49:30.898" /><!-- duration: 16ms -->
          <step title="Copying file: &apos;wwwroot\lib\bootstrap\dist\css\bootstrap-grid.min.css.map.gz&apos;" date="2025-10-08T01:49:30.914" /><!-- duration: 0ms -->
          <step title="Omitting next output lines..." date="2025-10-08T01:49:30.930" /><!-- duration: 0ms -->
          <step title="Finished successfully." date="2025-10-08T01:49:33.320" /><!-- duration: 0ms -->
        </step><!-- duration: 3391ms -->
        <step title="Running post deployment command(s)..." date="2025-10-08T01:49:33.367" /><!-- duration: 0ms -->
        <step title="Triggering recycle (preview mode disabled)." date="2025-10-08T01:49:33.398" /><!-- duration: 16ms -->
        <step title="Ignoring FS watcher based recycle request as this is a classic Windows app." date="2025-10-08T01:49:33.414" /><!-- duration: 0ms -->
        <step title="Deployment successful. DEPLOYMENTINFO: deploymentPath = ZipDeploy. Extract zip. , deployer = ZipDeploy, os = windows, sku = Free, siteName = PoTicTac, siteHostName = potictac.azurewebsites.net, deploymentStatus = Success" date="2025-10-08T01:49:33.445" /><!-- duration: 16ms -->
      </step><!-- duration: 3750ms -->
    </step><!-- duration: 3937ms -->
    <step title="Cleaning up temp files" date="2025-10-08T01:49:33.570" /><!-- duration: 0ms -->
    <step title="Skip function trigger and logicapp sync because function is not enabled." date="2025-10-08T01:49:33.586" /><!-- duration: 0ms -->
  </step><!-- duration: 5406ms -->
  <step title="LockFile &apos;C:\home\site\locks\deployments.lock&apos; released" date="2025-10-08T01:49:33.617" /><!-- duration: 0ms -->
  <step title="Deleting shutdown sentinel file" date="2025-10-08T01:49:33.617" SemaphoreCount="8" /><!-- duration: 16ms -->
</step><!-- duration: 5469ms -->
