<step title="Incoming Request" date="2025-11-11T22:17:54.564" instance="92ca53" url="/api/zipdeploy?isAsync=true" method="POST" type="request" pid="1820,2,8" Content-Length="39113888" Content-Type="application/octet-stream" Accept="application/json" Accept-Encoding="gzip" Authorization="Bea..." Host="potictac.scm.azurewebsites.net" User-Agent="azsdk-go-zip-deploy/1.0.0 (go1.25.0 X:loopvar; linux),azdev/1.21.1 (Go go1.25.0 X:loopvar; linux/amd64) GhActions" x-ms-correlation-request-id="a86ce0a010307ced4977a4da7a94e073" X-ARR-LOG-ID="a86ce0a0-1030-7ced-4977-a4da7a94e073" CLIENT-IP="64.236.142.154:37888" X-SITE-DEPLOYMENT-ID="PoTicTac" WAS-DEFAULT-HOSTNAME="potictac.scm.azurewebsites.net" X-Forwarded-Proto="https" X-AppService-Proto="https" X-Forwarded-TlsVersion="1.3" X-WAWS-Unencoded-URL="/api/zipdeploy?isAsync=true" >
  <step title="Cleanup Xml Logs" date="2025-11-11T22:17:54.564" /><!-- duration: 16ms -->
  <step title="ZipPushDeploy" date="2025-11-11T22:17:54.595" >
    <step title="ZipDeploy. Extract zip. " date="2025-11-11T22:17:54.595" /><!-- duration: 0ms -->
    <step title="Starting PushDeployAsync" date="2025-11-11T22:17:54.595" /><!-- duration: 16ms -->
    <step title="Updating shutdown sentinel last write time" date="2025-11-11T22:17:54.611" SemaphoreCount="7" /><!-- duration: 0ms -->
    <step title="LockFile &apos;C:\home\site\locks\deployments.lock&apos; acquired" date="2025-11-11T22:17:54.626" /><!-- duration: 0ms -->
    <step title="Saving request content to C:\local\Temp\zipdeploy\ybvdj4ar.zip" date="2025-11-11T22:17:54.642" >
      <step title="Total 39,113,888 bytes written to C:\local\Temp\zipdeploy\ybvdj4ar.zip" date="2025-11-11T22:17:56.017" /><!-- duration: 16ms -->
    </step><!-- duration: 1391ms -->
    <step title="LockFile &apos;C:\home\site\locks\deployments.lock&apos; released" date="2025-11-11T22:17:56.033" /><!-- duration: 0ms -->
    <step title="Deleting shutdown sentinel file" date="2025-11-11T22:17:56.049" SemaphoreCount="8" /><!-- duration: 0ms -->
    <step title="Starting FetchDeploy" date="2025-11-11T22:17:56.049" /><!-- duration: 16ms -->
    <step title="Start deployment in the background" date="2025-11-11T22:17:56.064" /><!-- duration: 47ms -->
  </step><!-- duration: 1516ms -->
  <step title="Outgoing response" date="2025-11-11T22:17:56.127" type="response" statusCode="202" statusText="Accepted" Server="Microsoft-IIS/10.0" x-ms-request-id="a86ce0a0-1030-7ced-4977-a4da7a94e073" Retry-After="30" Cache-Control="private" X-AspNet-Version="4.0.30319" Location="https://potictac.scm.azurewebsites.net/api/deployments/latest?deployer=ZipDeploy&amp;time=2025-11-11_22-17-56Z" /><!-- duration: 0ms -->
</step><!-- duration: 1563ms -->
