<step title="Incoming Request" date="2025-10-07T22:34:48.374" instance="79e06d" url="/api/zipdeploy?isAsync=true" method="POST" type="request" pid="7944,2,7" Connection="Keep-Alive" Content-Length="35168452" Content-Type="application/octet-stream" Accept="application/json" Accept-Encoding="gzip" Authorization="Bea..." Host="potictac.scm.azurewebsites.net" User-Agent="azsdk-go-zip-deploy/1.0.0 (go1.25.0 X:loopvar; Windows_NT),azdev/1.19.0 (Go go1.25.0 X:loopvar; windows/amd64)" x-ms-correlation-request-id="9a6b105f3b6f1317747351cad2f30aeb" X-ARR-LOG-ID="9a6b105f-3b6f-1317-7473-51cad2f30aeb" CLIENT-IP="69.138.244.34:60093" X-SITE-DEPLOYMENT-ID="PoTicTac" WAS-DEFAULT-HOSTNAME="potictac.scm.azurewebsites.net" X-Forwarded-Proto="https" X-AppService-Proto="https" X-Forwarded-TlsVersion="1.3" X-WAWS-Unencoded-URL="/api/zipdeploy?isAsync=true" X-MS-COLDSTART="1" >
  <step title="ZipPushDeploy" date="2025-10-07T22:34:48.983" >
    <step title="ZipDeploy. Extract zip. " date="2025-10-07T22:34:48.999" /><!-- duration: 16ms -->
    <step title="Starting PushDeployAsync" date="2025-10-07T22:34:49.015" /><!-- duration: 0ms -->
    <step title="Updating shutdown sentinel last write time" date="2025-10-07T22:34:49.077" SemaphoreCount="7" /><!-- duration: 0ms -->
    <step title="LockFile &apos;C:\home\site\locks\deployments.lock&apos; acquired" date="2025-10-07T22:34:49.077" /><!-- duration: 0ms -->
    <step title="Saving request content to C:\local\Temp\zipdeploy\dsiorv4u.zip" date="2025-10-07T22:34:49.093" >
      <step title="Total 35,168,452 bytes written to C:\local\Temp\zipdeploy\dsiorv4u.zip" date="2025-10-07T22:34:54.270" /><!-- duration: 0ms -->
    </step><!-- duration: 5177ms -->
    <step title="LockFile &apos;C:\home\site\locks\deployments.lock&apos; released" date="2025-10-07T22:34:54.270" /><!-- duration: 16ms -->
    <step title="Deleting shutdown sentinel file" date="2025-10-07T22:34:54.285" SemaphoreCount="8" /><!-- duration: 0ms -->
    <step title="Starting FetchDeploy" date="2025-10-07T22:34:54.301" /><!-- duration: 0ms -->
    <step title="Start deployment in the background" date="2025-10-07T22:34:54.301" /><!-- duration: 125ms -->
  </step><!-- duration: 5458ms -->
  <step title="Outgoing response" date="2025-10-07T22:34:54.473" type="response" statusCode="202" statusText="Accepted" Server="Microsoft-IIS/10.0" x-ms-request-id="9a6b105f-3b6f-1317-7473-51cad2f30aeb" Retry-After="30" Cache-Control="private" X-AspNet-Version="4.0.30319" Location="https://potictac.scm.azurewebsites.net/api/deployments/latest?deployer=ZipDeploy&amp;time=2025-10-07_22-34-54Z" /><!-- duration: 16ms -->
</step><!-- duration: 6114ms -->
