<step title="BackgroundTrace" date="2025-10-08T00:48:26.600" instance="79e06d" url="/api/zipdeploy" method="POST" >
  <step title="Updating shutdown sentinel last write time" date="2025-10-08T00:48:26.600" SemaphoreCount="7" /><!-- duration: 16ms -->
  <step title="LockFile &apos;C:\home\site\locks\deployments.lock&apos; acquired" date="2025-10-08T00:48:26.616" /><!-- duration: 0ms -->
  <step title="Creating temporary deployment" date="2025-10-08T00:48:26.616" /><!-- duration: 47ms -->
  <step title="Performing fetch based deployment" date="2025-10-08T00:48:26.678" >
    <step title="Fetching changes." date="2025-10-08T00:48:26.741" /><!-- duration: 0ms -->
    <step title="Starting LocalZipHandler" date="2025-10-08T00:48:26.756" /><!-- duration: 0ms -->
    <step title="Cleaning up temp folders from previous zip deployments and extracting pushed zip file C:\local\Temp\zipdeploy\fhmlxae3.zip (33.51 MB) to C:\local\Temp\zipdeploy\extracted" date="2025-10-08T00:48:26.787" /><!-- duration: 0ms -->
    <step title="Cleaning up temp folders from previous zip deployments and extracting pushed zip file C:\local\Temp\zipdeploy\fhmlxae3.zip (33.51 MB) to C:\local\Temp\zipdeploy\extracted" date="2025-10-08T00:48:26.787" >
      <step title="Renaming extractTargetDirectory(C:\local\Temp\zipdeploy\extracted) to tempDirectory(C:\local\Temp\zipdeploy\jz0zddnx.tbb)" date="2025-10-08T00:48:26.787" /><!-- duration: 0ms -->
      <step title="Extracting 615 entries to C:\local\Temp\zipdeploy\extracted directory" date="2025-10-08T00:48:26.819" >
        <step title="Extracting to C:\local\Temp\zipdeploy\extracted\Azure.Core.dll ..." date="2025-10-08T00:48:26.819" /><!-- duration: 31ms -->
        <step title="Extracting to C:\local\Temp\zipdeploy\extracted\Azure.Data.Tables.dll ..." date="2025-10-08T00:48:26.850" /><!-- duration: 16ms -->
        <step title="Extracting to C:\local\Temp\zipdeploy\extracted\BlazorDebugProxy\BrowserDebugHost.dll ..." date="2025-10-08T00:48:26.866" /><!-- duration: 0ms -->
        <step title="Extracting to C:\local\Temp\zipdeploy\extracted\BlazorDebugProxy\BrowserDebugHost.runtimeconfig.json ..." date="2025-10-08T00:48:26.881" /><!-- duration: 0ms -->
        <step title="Extracting to C:\local\Temp\zipdeploy\extracted\BlazorDebugProxy\BrowserDebugProxy.dll ..." date="2025-10-08T00:48:26.881" /><!-- duration: 16ms -->
        <step title="Omitting extracting file traces ..." date="2025-10-08T00:48:26.897" /><!-- duration: 0ms -->
        <step title="Extracting to C:\local\Temp\zipdeploy\extracted\wwwroot\lib\bootstrap\dist\js\bootstrap.min.js.br ..." date="2025-10-08T00:48:28.037" /><!-- duration: 0ms -->
        <step title="Extracting to C:\local\Temp\zipdeploy\extracted\wwwroot\lib\bootstrap\dist\js\bootstrap.min.js.gz ..." date="2025-10-08T00:48:28.037" /><!-- duration: 16ms -->
        <step title="Extracting to C:\local\Temp\zipdeploy\extracted\wwwroot\lib\bootstrap\dist\js\bootstrap.min.js.map ..." date="2025-10-08T00:48:28.053" /><!-- duration: 0ms -->
        <step title="Extracting to C:\local\Temp\zipdeploy\extracted\wwwroot\lib\bootstrap\dist\js\bootstrap.min.js.map.br ..." date="2025-10-08T00:48:28.053" /><!-- duration: 16ms -->
        <step title="Extracting to C:\local\Temp\zipdeploy\extracted\wwwroot\lib\bootstrap\dist\js\bootstrap.min.js.map.gz ..." date="2025-10-08T00:48:28.069" /><!-- duration: 0ms -->
      </step><!-- duration: 1250ms -->
    </step><!-- duration: 1312ms -->
    <step title="Before sending BuildRequestReceived status to /api/updatedeploystatus" date="2025-10-08T00:48:28.100" /><!-- duration: 16ms -->
    <step title="DeploymentManager.Deploy(id:6c7d68d52a824c969559d70691d0bcaa)" date="2025-10-08T00:48:28.116" >
      <step title="Collecting changeset information" date="2025-10-08T00:48:28.131" /><!-- duration: 31ms -->
      <step title="Updating submodules" date="2025-10-08T00:48:28.162" >
        <step title="Updating submodules." date="2025-10-08T00:48:28.194" /><!-- duration: 16ms -->
      </step><!-- duration: 47ms -->
      <step title="Preparing deployment for commit id &apos;6c7d68d52a&apos;." date="2025-10-08T00:48:28.241" /><!-- duration: 0ms -->
      <step title="Determining deployment builder" date="2025-10-08T00:48:28.272" >
        <step title="Builder is BasicBuilder" date="2025-10-08T00:48:28.272" /><!-- duration: 16ms -->
      </step><!-- duration: 16ms -->
      <step title="Copying SSH keys" date="2025-10-08T00:48:28.303" /><!-- duration: 0ms -->
      <step title="Building" date="2025-10-08T00:48:28.303" >
        <step title="Generating deployment script." date="2025-10-08T00:48:28.334" /><!-- duration: 0ms -->
        <step title="Generating deployment script" date="2025-10-08T00:48:28.350" >
          <step title="Using cached version of the deployment script for command: -y --no-dot-deployment -r &quot;C:\local\Temp\zipdeploy\extracted&quot; -o &quot;C:\home\site\deployments\tools&quot; --basic --sitePath &quot;C:\local\Temp\zipdeploy\extracted&quot;" date="2025-10-08T00:48:28.381" /><!-- duration: 16ms -->
          <step title="Using cached version of deployment script (command: &apos;azure -y --no-dot-deployment -r &quot;C:\local\Temp\zipdeploy\extracted&quot; -o &quot;C:\home\site\deployments\tools&quot; --basic --sitePath &quot;C:\local\Temp\zipdeploy\extracted&quot;&apos;)." date="2025-10-08T00:48:28.412" /><!-- duration: 16ms -->
        </step><!-- duration: 78ms -->
        <step title="Running deployment command..." date="2025-10-08T00:48:28.459" /><!-- duration: 0ms -->
        <step title="Command: &quot;C:\home\site\deployments\tools\deploy.cmd&quot;" date="2025-10-08T00:48:28.475" /><!-- duration: 0ms -->
        <step title="Executing external process" date="2025-10-08T00:48:28.491" type="process" path="starter.cmd" arguments="&quot;C:\home\site\deployments\tools\deploy.cmd&quot;" >
          <step title="Handling Basic Web Site deployment." date="2025-10-08T00:48:28.647" /><!-- duration: 0ms -->
          <step title="Creating app_offline.htm" date="2025-10-08T00:48:28.975" /><!-- duration: 0ms -->
          <step title="KuduSync.NET from: &apos;C:\local\Temp\zipdeploy\extracted&apos; to: &apos;C:\home\site\wwwroot&apos;" date="2025-10-08T00:48:28.975" /><!-- duration: 16ms -->
          <step title="Deleting file: &apos;PoTicTacServer.exe&apos;" date="2025-10-08T00:48:28.991" /><!-- duration: 31ms -->
          <step title="Copying file: &apos;appsettings.Development.json&apos;" date="2025-10-08T00:48:29.022" /><!-- duration: 0ms -->
          <step title="Copying file: &apos;appsettings.json&apos;" date="2025-10-08T00:48:29.037" /><!-- duration: 0ms -->
          <step title="Copying file: &apos;Azure.Core.dll&apos;" date="2025-10-08T00:48:29.037" /><!-- duration: 0ms -->
          <step title="Copying file: &apos;Azure.Data.Tables.dll&apos;" date="2025-10-08T00:48:29.053" /><!-- duration: 0ms -->
          <step title="Copying file: &apos;Microsoft.ApplicationInsights.dll&apos;" date="2025-10-08T00:48:29.053" /><!-- duration: 31ms -->
          <step title="Copying file: &apos;Microsoft.AspNetCore.Authorization.dll&apos;" date="2025-10-08T00:48:29.084" /><!-- duration: 0ms -->
          <step title="Copying file: &apos;Microsoft.AspNetCore.Components.dll&apos;" date="2025-10-08T00:48:29.100" /><!-- duration: 0ms -->
          <step title="Copying file: &apos;Microsoft.AspNetCore.Components.Forms.dll&apos;" date="2025-10-08T00:48:29.116" /><!-- duration: 0ms -->
          <step title="Copying file: &apos;Microsoft.AspNetCore.Components.Web.dll&apos;" date="2025-10-08T00:48:29.116" /><!-- duration: 31ms -->
          <step title="Copying file: &apos;Microsoft.AspNetCore.Components.WebAssembly.dll&apos;" date="2025-10-08T00:48:29.162" /><!-- duration: 0ms -->
          <step title="Copying file: &apos;Microsoft.AspNetCore.Components.WebAssembly.Server.dll&apos;" date="2025-10-08T00:48:29.162" /><!-- duration: 16ms -->
          <step title="Copying file: &apos;Microsoft.AspNetCore.Connections.Abstractions.dll&apos;" date="2025-10-08T00:48:29.194" /><!-- duration: 0ms -->
          <step title="Copying file: &apos;Microsoft.AspNetCore.Http.Connections.Client.dll&apos;" date="2025-10-08T00:48:29.194" /><!-- duration: 0ms -->
          <step title="Copying file: &apos;Microsoft.AspNetCore.Http.Connections.Common.dll&apos;" date="2025-10-08T00:48:29.209" /><!-- duration: 0ms -->
          <step title="Copying file: &apos;Microsoft.AspNetCore.Metadata.dll&apos;" date="2025-10-08T00:48:29.209" /><!-- duration: 16ms -->
          <step title="Copying file: &apos;Microsoft.AspNetCore.OpenApi.dll&apos;" date="2025-10-08T00:48:29.225" /><!-- duration: 0ms -->
          <step title="Copying file: &apos;Microsoft.AspNetCore.SignalR.Client.Core.dll&apos;" date="2025-10-08T00:48:29.241" /><!-- duration: 0ms -->
          <step title="Copying file: &apos;Microsoft.AspNetCore.SignalR.Client.dll&apos;" date="2025-10-08T00:48:29.241" /><!-- duration: 0ms -->
          <step title="Copying file: &apos;Microsoft.AspNetCore.SignalR.Common.dll&apos;" date="2025-10-08T00:48:29.272" /><!-- duration: 0ms -->
          <step title="Copying file: &apos;Microsoft.AspNetCore.SignalR.Protocols.Json.dll&apos;" date="2025-10-08T00:48:29.272" /><!-- duration: 16ms -->
          <step title="Copying file: &apos;Microsoft.Bcl.AsyncInterfaces.dll&apos;" date="2025-10-08T00:48:29.287" /><!-- duration: 0ms -->
          <step title="Copying file: &apos;Microsoft.Extensions.Configuration.Abstractions.dll&apos;" date="2025-10-08T00:48:29.303" /><!-- duration: 0ms -->
          <step title="Copying file: &apos;Microsoft.Extensions.Configuration.Binder.dll&apos;" date="2025-10-08T00:48:29.303" /><!-- duration: 0ms -->
          <step title="Copying file: &apos;Microsoft.Extensions.Configuration.dll&apos;" date="2025-10-08T00:48:29.319" /><!-- duration: 0ms -->
          <step title="Copying file: &apos;Microsoft.Extensions.Configuration.FileExtensions.dll&apos;" date="2025-10-08T00:48:29.319" /><!-- duration: 0ms -->
          <step title="Copying file: &apos;Microsoft.Extensions.Configuration.Json.dll&apos;" date="2025-10-08T00:48:29.334" /><!-- duration: 0ms -->
          <step title="Copying file: &apos;Microsoft.Extensions.DependencyInjection.Abstractions.dll&apos;" date="2025-10-08T00:48:29.334" /><!-- duration: 0ms -->
          <step title="Copying file: &apos;Microsoft.Extensions.DependencyInjection.dll&apos;" date="2025-10-08T00:48:29.350" /><!-- duration: 0ms -->
          <step title="Copying file: &apos;Microsoft.Extensions.DependencyModel.dll&apos;" date="2025-10-08T00:48:29.350" /><!-- duration: 0ms -->
          <step title="Copying file: &apos;Microsoft.Extensions.Diagnostics.Abstractions.dll&apos;" date="2025-10-08T00:48:29.366" /><!-- duration: 0ms -->
          <step title="Copying file: &apos;Microsoft.Extensions.Diagnostics.HealthChecks.Abstractions.dll&apos;" date="2025-10-08T00:48:29.397" /><!-- duration: 0ms -->
          <step title="Copying file: &apos;Microsoft.Extensions.Diagnostics.HealthChecks.dll&apos;" date="2025-10-08T00:48:29.412" /><!-- duration: 0ms -->
          <step title="Copying file: &apos;Microsoft.Extensions.Features.dll&apos;" date="2025-10-08T00:48:29.412" /><!-- duration: 16ms -->
          <step title="Copying file: &apos;Microsoft.Extensions.FileProviders.Abstractions.dll&apos;" date="2025-10-08T00:48:29.428" /><!-- duration: 0ms -->
          <step title="Copying file: &apos;Microsoft.Extensions.FileProviders.Physical.dll&apos;" date="2025-10-08T00:48:29.428" /><!-- duration: 16ms -->
          <step title="Copying file: &apos;Microsoft.Extensions.FileSystemGlobbing.dll&apos;" date="2025-10-08T00:48:29.444" /><!-- duration: 0ms -->
          <step title="Copying file: &apos;Microsoft.Extensions.Hosting.Abstractions.dll&apos;" date="2025-10-08T00:48:29.444" /><!-- duration: 16ms -->
          <step title="Copying file: &apos;Microsoft.Extensions.Logging.Abstractions.dll&apos;" date="2025-10-08T00:48:29.459" /><!-- duration: 0ms -->
          <step title="Copying file: &apos;Microsoft.Extensions.Logging.dll&apos;" date="2025-10-08T00:48:29.459" /><!-- duration: 16ms -->
          <step title="Copying file: &apos;Microsoft.Extensions.Options.dll&apos;" date="2025-10-08T00:48:29.475" /><!-- duration: 0ms -->
          <step title="Copying file: &apos;Microsoft.Extensions.Primitives.dll&apos;" date="2025-10-08T00:48:29.475" /><!-- duration: 16ms -->
          <step title="Copying file: &apos;Microsoft.JSInterop.dll&apos;" date="2025-10-08T00:48:29.491" /><!-- duration: 0ms -->
          <step title="Copying file: &apos;Microsoft.JSInterop.WebAssembly.dll&apos;" date="2025-10-08T00:48:29.522" /><!-- duration: 0ms -->
          <step title="Copying file: &apos;Microsoft.OpenApi.dll&apos;" date="2025-10-08T00:48:29.522" /><!-- duration: 16ms -->
          <step title="Copying file: &apos;PoTicTac.Client.dll&apos;" date="2025-10-08T00:48:29.537" /><!-- duration: 0ms -->
          <step title="Copying file: &apos;PoTicTac.Client.pdb&apos;" date="2025-10-08T00:48:29.537" /><!-- duration: 16ms -->
          <step title="Copying file: &apos;PoTicTacServer&apos;" date="2025-10-08T00:48:29.553" /><!-- duration: 0ms -->
          <step title="Omitting next output lines..." date="2025-10-08T00:48:29.553" /><!-- duration: 16ms -->
          <step title="Finished successfully." date="2025-10-08T00:48:33.403" /><!-- duration: 0ms -->
        </step><!-- duration: 4913ms -->
        <step title="Running post deployment command(s)..." date="2025-10-08T00:48:33.434" /><!-- duration: 16ms -->
        <step title="Triggering recycle (preview mode disabled)." date="2025-10-08T00:48:33.481" /><!-- duration: 0ms -->
        <step title="Ignoring FS watcher based recycle request as this is a classic Windows app." date="2025-10-08T00:48:33.481" /><!-- duration: 16ms -->
        <step title="Deployment successful. DEPLOYMENTINFO: deploymentPath = ZipDeploy. Extract zip. , deployer = ZipDeploy, os = windows, sku = Free, siteName = PoTicTac, siteHostName = potictac.azurewebsites.net, deploymentStatus = Success" date="2025-10-08T00:48:33.544" /><!-- duration: 0ms -->
      </step><!-- duration: 5366ms -->
    </step><!-- duration: 5553ms -->
    <step title="Cleaning up temp files" date="2025-10-08T00:48:33.684" /><!-- duration: 0ms -->
    <step title="Skip function trigger and logicapp sync because function is not enabled." date="2025-10-08T00:48:33.684" /><!-- duration: 16ms -->
  </step><!-- duration: 7053ms -->
  <step title="LockFile &apos;C:\home\site\locks\deployments.lock&apos; released" date="2025-10-08T00:48:33.731" /><!-- duration: 0ms -->
  <step title="Deleting shutdown sentinel file" date="2025-10-08T00:48:33.747" SemaphoreCount="8" /><!-- duration: 0ms -->
</step><!-- duration: 7163ms -->
