<step title="BackgroundTrace" date="2025-11-11T22:28:17.527" instance="92ca53" url="/api/zipdeploy" method="POST" >
  <step title="Updating shutdown sentinel last write time" date="2025-11-11T22:28:17.543" SemaphoreCount="7" /><!-- duration: 0ms -->
  <step title="LockFile &apos;C:\home\site\locks\deployments.lock&apos; acquired" date="2025-11-11T22:28:17.543" /><!-- duration: 0ms -->
  <step title="Creating temporary deployment" date="2025-11-11T22:28:17.558" /><!-- duration: 47ms -->
  <step title="Performing fetch based deployment" date="2025-11-11T22:28:17.621" >
    <step title="Fetching changes." date="2025-11-11T22:28:17.668" /><!-- duration: 16ms -->
    <step title="Starting LocalZipHandler" date="2025-11-11T22:28:17.683" /><!-- duration: 31ms -->
    <step title="Cleaning up temp folders from previous zip deployments and extracting pushed zip file C:\local\Temp\zipdeploy\b0jakaca.zip (37.30 MB) to C:\local\Temp\zipdeploy\extracted" date="2025-11-11T22:28:17.730" /><!-- duration: 16ms -->
    <step title="Cleaning up temp folders from previous zip deployments and extracting pushed zip file C:\local\Temp\zipdeploy\b0jakaca.zip (37.30 MB) to C:\local\Temp\zipdeploy\extracted" date="2025-11-11T22:28:17.746" >
      <step title="Extracting 612 entries to C:\local\Temp\zipdeploy\extracted directory" date="2025-11-11T22:28:17.777" >
        <step title="Extracting to C:\local\Temp\zipdeploy\extracted\Azure.Core.dll ..." date="2025-11-11T22:28:17.777" /><!-- duration: 16ms -->
        <step title="Extracting to C:\local\Temp\zipdeploy\extracted\Azure.Data.Tables.dll ..." date="2025-11-11T22:28:17.793" /><!-- duration: 16ms -->
        <step title="Extracting to C:\local\Temp\zipdeploy\extracted\Azure.Identity.dll ..." date="2025-11-11T22:28:17.824" /><!-- duration: 0ms -->
        <step title="Extracting to C:\local\Temp\zipdeploy\extracted\BlazorDebugProxy\BrowserDebugHost.dll ..." date="2025-11-11T22:28:17.839" /><!-- duration: 0ms -->
        <step title="Extracting to C:\local\Temp\zipdeploy\extracted\BlazorDebugProxy\BrowserDebugHost.runtimeconfig.json ..." date="2025-11-11T22:28:17.839" /><!-- duration: 16ms -->
        <step title="Omitting extracting file traces ..." date="2025-11-11T22:28:17.855" /><!-- duration: 16ms -->
        <step title="Extracting to C:\local\Temp\zipdeploy\extracted\wwwroot\lib\bootstrap\dist\js\bootstrap.min.js.br ..." date="2025-11-11T22:28:18.933" /><!-- duration: 16ms -->
        <step title="Extracting to C:\local\Temp\zipdeploy\extracted\wwwroot\lib\bootstrap\dist\js\bootstrap.min.js.gz ..." date="2025-11-11T22:28:18.949" /><!-- duration: 0ms -->
        <step title="Extracting to C:\local\Temp\zipdeploy\extracted\wwwroot\lib\bootstrap\dist\js\bootstrap.min.js.map ..." date="2025-11-11T22:28:18.964" /><!-- duration: 0ms -->
        <step title="Extracting to C:\local\Temp\zipdeploy\extracted\wwwroot\lib\bootstrap\dist\js\bootstrap.min.js.map.br ..." date="2025-11-11T22:28:18.964" /><!-- duration: 16ms -->
        <step title="Extracting to C:\local\Temp\zipdeploy\extracted\wwwroot\lib\bootstrap\dist\js\bootstrap.min.js.map.gz ..." date="2025-11-11T22:28:18.980" /><!-- duration: 0ms -->
      </step><!-- duration: 1203ms -->
    </step><!-- duration: 1250ms -->
    <step title="Before sending BuildRequestReceived status to /api/updatedeploystatus" date="2025-11-11T22:28:18.996" /><!-- duration: 0ms -->
    <step title="DeploymentManager.Deploy(id:5e87de96148741c7a943cc17b12c80b7)" date="2025-11-11T22:28:19.011" >
      <step title="Collecting changeset information" date="2025-11-11T22:28:19.011" /><!-- duration: 31ms -->
      <step title="Updating submodules" date="2025-11-11T22:28:19.043" >
        <step title="Updating submodules." date="2025-11-11T22:28:19.074" /><!-- duration: 0ms -->
      </step><!-- duration: 47ms -->
      <step title="Preparing deployment for commit id &apos;5e87de9614&apos;." date="2025-11-11T22:28:19.121" /><!-- duration: 0ms -->
      <step title="Determining deployment builder" date="2025-11-11T22:28:19.152" >
        <step title="Builder is BasicBuilder" date="2025-11-11T22:28:19.168" /><!-- duration: 0ms -->
      </step><!-- duration: 16ms -->
      <step title="Copying SSH keys" date="2025-11-11T22:28:19.183" /><!-- duration: 16ms -->
      <step title="Building" date="2025-11-11T22:28:19.199" >
        <step title="Generating deployment script." date="2025-11-11T22:28:19.230" /><!-- duration: 0ms -->
        <step title="Generating deployment script" date="2025-11-11T22:28:19.246" >
          <step title="Using cached version of the deployment script for command: -y --no-dot-deployment -r &quot;C:\local\Temp\zipdeploy\extracted&quot; -o &quot;C:\home\site\deployments\tools&quot; --basic --sitePath &quot;C:\local\Temp\zipdeploy\extracted&quot;" date="2025-11-11T22:28:19.293" /><!-- duration: 0ms -->
          <step title="Using cached version of deployment script (command: &apos;azure -y --no-dot-deployment -r &quot;C:\local\Temp\zipdeploy\extracted&quot; -o &quot;C:\home\site\deployments\tools&quot; --basic --sitePath &quot;C:\local\Temp\zipdeploy\extracted&quot;&apos;)." date="2025-11-11T22:28:19.293" /><!-- duration: 0ms -->
        </step><!-- duration: 63ms -->
        <step title="Running deployment command..." date="2025-11-11T22:28:19.355" /><!-- duration: 0ms -->
        <step title="Command: &quot;C:\home\site\deployments\tools\deploy.cmd&quot;" date="2025-11-11T22:28:19.386" /><!-- duration: 0ms -->
        <step title="Executing external process" date="2025-11-11T22:28:19.402" type="process" path="starter.cmd" arguments="&quot;C:\home\site\deployments\tools\deploy.cmd&quot;" >
          <step title="Handling Basic Web Site deployment." date="2025-11-11T22:28:19.558" /><!-- duration: 0ms -->
          <step title="Creating app_offline.htm" date="2025-11-11T22:28:19.887" /><!-- duration: 16ms -->
          <step title="KuduSync.NET from: &apos;C:\local\Temp\zipdeploy\extracted&apos; to: &apos;C:\home\site\wwwroot&apos;" date="2025-11-11T22:28:19.903" /><!-- duration: 0ms -->
          <step title="Copying file: &apos;Po.TicTac.Api&apos;" date="2025-11-11T22:28:19.918" /><!-- duration: 0ms -->
          <step title="Copying file: &apos;Po.TicTac.Api.deps.json&apos;" date="2025-11-11T22:28:19.918" /><!-- duration: 0ms -->
          <step title="Copying file: &apos;Po.TicTac.Api.dll&apos;" date="2025-11-11T22:28:19.934" /><!-- duration: 0ms -->
          <step title="Copying file: &apos;Po.TicTac.Api.pdb&apos;" date="2025-11-11T22:28:19.934" /><!-- duration: 0ms -->
          <step title="Copying file: &apos;Po.TicTac.Api.runtimeconfig.json&apos;" date="2025-11-11T22:28:19.950" /><!-- duration: 0ms -->
          <step title="Copying file: &apos;Po.TicTac.Api.staticwebassets.endpoints.json&apos;" date="2025-11-11T22:28:19.950" /><!-- duration: 16ms -->
          <step title="Copying file: &apos;Po.TicTac.Api.xml&apos;" date="2025-11-11T22:28:19.965" /><!-- duration: 0ms -->
          <step title="Copying file: &apos;Po.TicTac.Client.dll&apos;" date="2025-11-11T22:28:19.981" /><!-- duration: 0ms -->
          <step title="Copying file: &apos;Po.TicTac.Client.pdb&apos;" date="2025-11-11T22:28:19.981" /><!-- duration: 0ms -->
          <step title="Copying file: &apos;Po.TicTac.Shared.dll&apos;" date="2025-11-11T22:28:19.996" /><!-- duration: 0ms -->
          <step title="Copying file: &apos;Po.TicTac.Shared.pdb&apos;" date="2025-11-11T22:28:20.012" /><!-- duration: 0ms -->
          <step title="Copying file: &apos;wwwroot\favicon.png&apos;" date="2025-11-11T22:28:20.012" /><!-- duration: 0ms -->
          <step title="Copying file: &apos;wwwroot\icon-192.png&apos;" date="2025-11-11T22:28:20.028" /><!-- duration: 0ms -->
          <step title="Copying file: &apos;wwwroot\index.html&apos;" date="2025-11-11T22:28:20.028" /><!-- duration: 0ms -->
          <step title="Copying file: &apos;wwwroot\index.html.br&apos;" date="2025-11-11T22:28:20.043" /><!-- duration: 0ms -->
          <step title="Copying file: &apos;wwwroot\index.html.gz&apos;" date="2025-11-11T22:28:20.059" /><!-- duration: 0ms -->
          <step title="Copying file: &apos;wwwroot\Po.TicTac.Api.modules.json&apos;" date="2025-11-11T22:28:20.059" /><!-- duration: 0ms -->
          <step title="Copying file: &apos;wwwroot\Po.TicTac.Api.modules.json.br&apos;" date="2025-11-11T22:28:20.075" /><!-- duration: 0ms -->
          <step title="Copying file: &apos;wwwroot\Po.TicTac.Api.modules.json.gz&apos;" date="2025-11-11T22:28:20.075" /><!-- duration: 16ms -->
          <step title="Copying file: &apos;wwwroot\Po.TicTac.Api.styles.css&apos;" date="2025-11-11T22:28:20.090" /><!-- duration: 0ms -->
          <step title="Copying file: &apos;wwwroot\Po.TicTac.Api.styles.css.br&apos;" date="2025-11-11T22:28:20.106" /><!-- duration: 0ms -->
          <step title="Copying file: &apos;wwwroot\Po.TicTac.Api.styles.css.gz&apos;" date="2025-11-11T22:28:20.121" /><!-- duration: 16ms -->
          <step title="Copying file: &apos;wwwroot\Po.TicTac.Client.styles.css&apos;" date="2025-11-11T22:28:20.137" /><!-- duration: 0ms -->
          <step title="Copying file: &apos;wwwroot\Po.TicTac.Client.styles.css.br&apos;" date="2025-11-11T22:28:20.153" /><!-- duration: 0ms -->
          <step title="Copying file: &apos;wwwroot\Po.TicTac.Client.styles.css.gz&apos;" date="2025-11-11T22:28:20.153" /><!-- duration: 0ms -->
          <step title="Copying file: &apos;wwwroot\css\app.css&apos;" date="2025-11-11T22:28:20.168" /><!-- duration: 0ms -->
          <step title="Copying file: &apos;wwwroot\css\app.css.br&apos;" date="2025-11-11T22:28:20.168" /><!-- duration: 0ms -->
          <step title="Copying file: &apos;wwwroot\css\app.css.gz&apos;" date="2025-11-11T22:28:20.184" /><!-- duration: 0ms -->
          <step title="Copying file: &apos;wwwroot\css\difficulty-selector.css&apos;" date="2025-11-11T22:28:20.184" /><!-- duration: 16ms -->
          <step title="Copying file: &apos;wwwroot\css\difficulty-selector.css.br&apos;" date="2025-11-11T22:28:20.200" /><!-- duration: 0ms -->
          <step title="Copying file: &apos;wwwroot\css\difficulty-selector.css.gz&apos;" date="2025-11-11T22:28:20.215" /><!-- duration: 0ms -->
          <step title="Copying file: &apos;wwwroot\css\game.css&apos;" date="2025-11-11T22:28:20.215" /><!-- duration: 0ms -->
          <step title="Copying file: &apos;wwwroot\css\game.css.br&apos;" date="2025-11-11T22:28:20.231" /><!-- duration: 0ms -->
          <step title="Copying file: &apos;wwwroot\css\game.css.gz&apos;" date="2025-11-11T22:28:20.231" /><!-- duration: 0ms -->
          <step title="Copying file: &apos;wwwroot\css\gameboard.css&apos;" date="2025-11-11T22:28:20.246" /><!-- duration: 0ms -->
          <step title="Copying file: &apos;wwwroot\css\gameboard.css.br&apos;" date="2025-11-11T22:28:20.262" /><!-- duration: 0ms -->
          <step title="Copying file: &apos;wwwroot\css\gameboard.css.gz&apos;" date="2025-11-11T22:28:20.262" /><!-- duration: 0ms -->
          <step title="Copying file: &apos;wwwroot\css\polish.css&apos;" date="2025-11-11T22:28:20.278" /><!-- duration: 0ms -->
          <step title="Copying file: &apos;wwwroot\css\polish.css.br&apos;" date="2025-11-11T22:28:20.293" /><!-- duration: 0ms -->
          <step title="Copying file: &apos;wwwroot\css\polish.css.gz&apos;" date="2025-11-11T22:28:20.293" /><!-- duration: 0ms -->
          <step title="Copying file: &apos;wwwroot\css\skeleton.css&apos;" date="2025-11-11T22:28:20.309" /><!-- duration: 0ms -->
          <step title="Copying file: &apos;wwwroot\css\skeleton.css.br&apos;" date="2025-11-11T22:28:20.309" /><!-- duration: 0ms -->
          <step title="Copying file: &apos;wwwroot\css\skeleton.css.gz&apos;" date="2025-11-11T22:28:20.325" /><!-- duration: 0ms -->
          <step title="Copying file: &apos;wwwroot\css\stats.css&apos;" date="2025-11-11T22:28:20.340" /><!-- duration: 0ms -->
          <step title="Copying file: &apos;wwwroot\css\stats.css.br&apos;" date="2025-11-11T22:28:20.340" /><!-- duration: 0ms -->
          <step title="Copying file: &apos;wwwroot\css\stats.css.gz&apos;" date="2025-11-11T22:28:20.356" /><!-- duration: 0ms -->
          <step title="Copying file: &apos;wwwroot\css\variables.css&apos;" date="2025-11-11T22:28:20.356" /><!-- duration: 0ms -->
          <step title="Copying file: &apos;wwwroot\css\variables.css.br&apos;" date="2025-11-11T22:28:20.371" /><!-- duration: 0ms -->
          <step title="Omitting next output lines..." date="2025-11-11T22:28:20.371" /><!-- duration: 16ms -->
          <step title="Finished successfully." date="2025-11-11T22:28:22.590" /><!-- duration: 0ms -->
        </step><!-- duration: 3204ms -->
        <step title="Running post deployment command(s)..." date="2025-11-11T22:28:22.637" /><!-- duration: 16ms -->
        <step title="Triggering recycle (preview mode disabled)." date="2025-11-11T22:28:22.684" /><!-- duration: 16ms -->
        <step title="Ignoring FS watcher based recycle request as this is a classic Windows app." date="2025-11-11T22:28:22.700" /><!-- duration: 16ms -->
        <step title="Deployment successful. DEPLOYMENTINFO: deploymentPath = ZipDeploy. Extract zip. , deployer = ZipDeploy, os = windows, sku = Free, siteName = PoTicTac, siteHostName = potictac.azurewebsites.net, deploymentStatus = Success" date="2025-11-11T22:28:22.746" /><!-- duration: 16ms -->
      </step><!-- duration: 3688ms -->
    </step><!-- duration: 3891ms -->
    <step title="Cleaning up temp files" date="2025-11-11T22:28:22.903" /><!-- duration: 0ms -->
    <step title="Skip function trigger and logicapp sync because function is not enabled." date="2025-11-11T22:28:22.918" /><!-- duration: 0ms -->
  </step><!-- duration: 5345ms -->
  <step title="LockFile &apos;C:\home\site\locks\deployments.lock&apos; released" date="2025-11-11T22:28:22.981" /><!-- duration: 0ms -->
  <step title="Deleting shutdown sentinel file" date="2025-11-11T22:28:22.981" SemaphoreCount="8" /><!-- duration: 0ms -->
</step><!-- duration: 5470ms -->
