<step title="BackgroundTrace" date="2025-10-07T22:34:54.332" instance="79e06d" url="/api/zipdeploy" method="POST" >
  <step title="Updating shutdown sentinel last write time" date="2025-10-07T22:34:54.348" SemaphoreCount="7" /><!-- duration: 16ms -->
  <step title="LockFile &apos;C:\home\site\locks\deployments.lock&apos; acquired" date="2025-10-07T22:34:54.363" /><!-- duration: 0ms -->
  <step title="Creating temporary deployment" date="2025-10-07T22:34:54.363" /><!-- duration: 63ms -->
  <step title="Performing fetch based deployment" date="2025-10-07T22:34:54.426" >
    <step title="Fetching changes." date="2025-10-07T22:34:54.488" /><!-- duration: 16ms -->
    <step title="Starting LocalZipHandler" date="2025-10-07T22:34:54.504" /><!-- duration: 16ms -->
    <step title="Cleaning up temp folders from previous zip deployments and extracting pushed zip file C:\local\Temp\zipdeploy\dsiorv4u.zip (33.54 MB) to C:\local\Temp\zipdeploy\extracted" date="2025-10-07T22:34:54.551" /><!-- duration: 0ms -->
    <step title="Cleaning up temp folders from previous zip deployments and extracting pushed zip file C:\local\Temp\zipdeploy\dsiorv4u.zip (33.54 MB) to C:\local\Temp\zipdeploy\extracted" date="2025-10-07T22:34:54.566" >
      <step title="Extracting 615 entries to C:\local\Temp\zipdeploy\extracted directory" date="2025-10-07T22:34:54.582" >
        <step title="Extracting to C:\local\Temp\zipdeploy\extracted\Azure.Core.dll ..." date="2025-10-07T22:34:54.582" /><!-- duration: 31ms -->
        <step title="Extracting to C:\local\Temp\zipdeploy\extracted\Azure.Data.Tables.dll ..." date="2025-10-07T22:34:54.613" /><!-- duration: 0ms -->
        <step title="Extracting to C:\local\Temp\zipdeploy\extracted\BlazorDebugProxy\BrowserDebugHost.dll ..." date="2025-10-07T22:34:54.629" /><!-- duration: 0ms -->
        <step title="Extracting to C:\local\Temp\zipdeploy\extracted\BlazorDebugProxy\BrowserDebugHost.runtimeconfig.json ..." date="2025-10-07T22:34:54.629" /><!-- duration: 16ms -->
        <step title="Extracting to C:\local\Temp\zipdeploy\extracted\BlazorDebugProxy\BrowserDebugProxy.dll ..." date="2025-10-07T22:34:54.645" /><!-- duration: 16ms -->
        <step title="Omitting extracting file traces ..." date="2025-10-07T22:34:54.660" /><!-- duration: 0ms -->
        <step title="Extracting to C:\local\Temp\zipdeploy\extracted\wwwroot\lib\bootstrap\dist\js\bootstrap.min.js.br ..." date="2025-10-07T22:34:55.785" /><!-- duration: 0ms -->
        <step title="Extracting to C:\local\Temp\zipdeploy\extracted\wwwroot\lib\bootstrap\dist\js\bootstrap.min.js.gz ..." date="2025-10-07T22:34:55.785" /><!-- duration: 16ms -->
        <step title="Extracting to C:\local\Temp\zipdeploy\extracted\wwwroot\lib\bootstrap\dist\js\bootstrap.min.js.map ..." date="2025-10-07T22:34:55.801" /><!-- duration: 31ms -->
        <step title="Extracting to C:\local\Temp\zipdeploy\extracted\wwwroot\lib\bootstrap\dist\js\bootstrap.min.js.map.br ..." date="2025-10-07T22:34:55.832" /><!-- duration: 0ms -->
        <step title="Extracting to C:\local\Temp\zipdeploy\extracted\wwwroot\lib\bootstrap\dist\js\bootstrap.min.js.map.gz ..." date="2025-10-07T22:34:55.832" /><!-- duration: 0ms -->
      </step><!-- duration: 1266ms -->
    </step><!-- duration: 1281ms -->
    <step title="Before sending BuildRequestReceived status to /api/updatedeploystatus" date="2025-10-07T22:34:55.848" /><!-- duration: 16ms -->
    <step title="DeploymentManager.Deploy(id:cb3dbff60d5747f7a65090bff1516e73)" date="2025-10-07T22:34:55.863" >
      <step title="Collecting changeset information" date="2025-10-07T22:34:55.895" /><!-- duration: 16ms -->
      <step title="Updating submodules" date="2025-10-07T22:34:55.926" >
        <step title="Updating submodules." date="2025-10-07T22:34:55.957" /><!-- duration: 0ms -->
      </step><!-- duration: 32ms -->
      <step title="Preparing deployment for commit id &apos;cb3dbff60d&apos;." date="2025-10-07T22:34:56.020" /><!-- duration: 0ms -->
      <step title="Determining deployment builder" date="2025-10-07T22:34:56.051" >
        <step title="Builder is BasicBuilder" date="2025-10-07T22:34:56.051" /><!-- duration: 0ms -->
      </step><!-- duration: 16ms -->
      <step title="Copying SSH keys" date="2025-10-07T22:34:56.067" /><!-- duration: 16ms -->
      <step title="Building" date="2025-10-07T22:34:56.082" >
        <step title="Generating deployment script." date="2025-10-07T22:34:56.114" /><!-- duration: 0ms -->
        <step title="Generating deployment script" date="2025-10-07T22:34:56.114" >
          <step title="Using the following command to generate deployment script: &apos;azure site deploymentscript -y --no-dot-deployment -r &quot;C:\local\Temp\zipdeploy\extracted&quot; -o &quot;C:\home\site\deployments\tools&quot; --basic --sitePath &quot;C:\local\Temp\zipdeploy\extracted&quot;&apos;." date="2025-10-07T22:34:56.286" /><!-- duration: 0ms -->
          <step title="Executing external process" date="2025-10-07T22:34:56.301" type="process" path="starter.cmd" arguments="&quot;C:\Program Files (x86)\SiteExtensions\Kudu\2025.09.1.1\bin\node_modules\.bin\kuduscript.cmd&quot; -y --no-dot-deployment -r &quot;C:\local\Temp\zipdeploy\extracted&quot; -o &quot;C:\home\site\deployments\tools&quot; --basic --sitePath &quot;C:\local\Temp\zipdeploy\extracted&quot;" >
            <step title="Generating deployment script for Web Site" date="2025-10-07T22:34:56.598" /><!-- duration: 16ms -->
            <step title="Generated deployment script files" date="2025-10-07T22:34:56.614" /><!-- duration: 0ms -->
          </step><!-- duration: 313ms -->
          <step title="Saved cached version of the deployment script for command -y --no-dot-deployment -r &quot;C:\local\Temp\zipdeploy\extracted&quot; -o &quot;C:\home\site\deployments\tools&quot; --basic --sitePath &quot;C:\local\Temp\zipdeploy\extracted&quot;" date="2025-10-07T22:34:56.629" /><!-- duration: 0ms -->
        </step><!-- duration: 516ms -->
        <step title="Running deployment command..." date="2025-10-07T22:34:56.676" /><!-- duration: 0ms -->
        <step title="Command: &quot;C:\home\site\deployments\tools\deploy.cmd&quot;" date="2025-10-07T22:34:56.708" /><!-- duration: 0ms -->
        <step title="Executing external process" date="2025-10-07T22:34:56.708" type="process" path="starter.cmd" arguments="&quot;C:\home\site\deployments\tools\deploy.cmd&quot;" >
          <step title="Handling Basic Web Site deployment." date="2025-10-07T22:34:56.848" /><!-- duration: 16ms -->
          <step title="Creating app_offline.htm" date="2025-10-07T22:34:57.051" /><!-- duration: 0ms -->
          <step title="KuduSync.NET from: &apos;C:\local\Temp\zipdeploy\extracted&apos; to: &apos;C:\home\site\wwwroot&apos;" date="2025-10-07T22:34:57.051" /><!-- duration: 16ms -->
          <step title="Deleting file: &apos;hostingstart.html&apos;" date="2025-10-07T22:34:57.067" /><!-- duration: 0ms -->
          <step title="Copying file: &apos;appsettings.Development.json&apos;" date="2025-10-07T22:34:57.067" /><!-- duration: 16ms -->
          <step title="Copying file: &apos;appsettings.json&apos;" date="2025-10-07T22:34:57.082" /><!-- duration: 0ms -->
          <step title="Copying file: &apos;Azure.Core.dll&apos;" date="2025-10-07T22:34:57.098" /><!-- duration: 0ms -->
          <step title="Copying file: &apos;Azure.Data.Tables.dll&apos;" date="2025-10-07T22:34:57.098" /><!-- duration: 16ms -->
          <step title="Copying file: &apos;Microsoft.ApplicationInsights.dll&apos;" date="2025-10-07T22:34:57.114" /><!-- duration: 0ms -->
          <step title="Copying file: &apos;Microsoft.AspNetCore.Authorization.dll&apos;" date="2025-10-07T22:34:57.114" /><!-- duration: 16ms -->
          <step title="Copying file: &apos;Microsoft.AspNetCore.Components.dll&apos;" date="2025-10-07T22:34:57.129" /><!-- duration: 0ms -->
          <step title="Copying file: &apos;Microsoft.AspNetCore.Components.Forms.dll&apos;" date="2025-10-07T22:34:57.145" /><!-- duration: 0ms -->
          <step title="Copying file: &apos;Microsoft.AspNetCore.Components.Web.dll&apos;" date="2025-10-07T22:34:57.145" /><!-- duration: 0ms -->
          <step title="Copying file: &apos;Microsoft.AspNetCore.Components.WebAssembly.dll&apos;" date="2025-10-07T22:34:57.161" /><!-- duration: 0ms -->
          <step title="Copying file: &apos;Microsoft.AspNetCore.Components.WebAssembly.Server.dll&apos;" date="2025-10-07T22:34:57.161" /><!-- duration: 0ms -->
          <step title="Copying file: &apos;Microsoft.AspNetCore.Connections.Abstractions.dll&apos;" date="2025-10-07T22:34:57.176" /><!-- duration: 0ms -->
          <step title="Copying file: &apos;Microsoft.AspNetCore.Http.Connections.Client.dll&apos;" date="2025-10-07T22:34:57.176" /><!-- duration: 16ms -->
          <step title="Copying file: &apos;Microsoft.AspNetCore.Http.Connections.Common.dll&apos;" date="2025-10-07T22:34:57.192" /><!-- duration: 0ms -->
          <step title="Copying file: &apos;Microsoft.AspNetCore.Metadata.dll&apos;" date="2025-10-07T22:34:57.192" /><!-- duration: 16ms -->
          <step title="Copying file: &apos;Microsoft.AspNetCore.OpenApi.dll&apos;" date="2025-10-07T22:34:57.207" /><!-- duration: 0ms -->
          <step title="Copying file: &apos;Microsoft.AspNetCore.SignalR.Client.Core.dll&apos;" date="2025-10-07T22:34:57.223" /><!-- duration: 0ms -->
          <step title="Copying file: &apos;Microsoft.AspNetCore.SignalR.Client.dll&apos;" date="2025-10-07T22:34:57.239" /><!-- duration: 0ms -->
          <step title="Copying file: &apos;Microsoft.AspNetCore.SignalR.Common.dll&apos;" date="2025-10-07T22:34:57.239" /><!-- duration: 0ms -->
          <step title="Copying file: &apos;Microsoft.AspNetCore.SignalR.Protocols.Json.dll&apos;" date="2025-10-07T22:34:57.254" /><!-- duration: 0ms -->
          <step title="Copying file: &apos;Microsoft.Bcl.AsyncInterfaces.dll&apos;" date="2025-10-07T22:34:57.254" /><!-- duration: 16ms -->
          <step title="Copying file: &apos;Microsoft.Extensions.Configuration.Abstractions.dll&apos;" date="2025-10-07T22:34:57.270" /><!-- duration: 0ms -->
          <step title="Copying file: &apos;Microsoft.Extensions.Configuration.Binder.dll&apos;" date="2025-10-07T22:34:57.286" /><!-- duration: 0ms -->
          <step title="Copying file: &apos;Microsoft.Extensions.Configuration.dll&apos;" date="2025-10-07T22:34:57.286" /><!-- duration: 16ms -->
          <step title="Copying file: &apos;Microsoft.Extensions.Configuration.FileExtensions.dll&apos;" date="2025-10-07T22:34:57.301" /><!-- duration: 0ms -->
          <step title="Copying file: &apos;Microsoft.Extensions.Configuration.Json.dll&apos;" date="2025-10-07T22:34:57.317" /><!-- duration: 0ms -->
          <step title="Copying file: &apos;Microsoft.Extensions.DependencyInjection.Abstractions.dll&apos;" date="2025-10-07T22:34:57.317" /><!-- duration: 0ms -->
          <step title="Copying file: &apos;Microsoft.Extensions.DependencyInjection.dll&apos;" date="2025-10-07T22:34:57.332" /><!-- duration: 0ms -->
          <step title="Copying file: &apos;Microsoft.Extensions.DependencyModel.dll&apos;" date="2025-10-07T22:34:57.348" /><!-- duration: 0ms -->
          <step title="Copying file: &apos;Microsoft.Extensions.Diagnostics.Abstractions.dll&apos;" date="2025-10-07T22:34:57.348" /><!-- duration: 0ms -->
          <step title="Copying file: &apos;Microsoft.Extensions.Diagnostics.HealthChecks.Abstractions.dll&apos;" date="2025-10-07T22:34:57.364" /><!-- duration: 0ms -->
          <step title="Copying file: &apos;Microsoft.Extensions.Diagnostics.HealthChecks.dll&apos;" date="2025-10-07T22:34:57.364" /><!-- duration: 0ms -->
          <step title="Copying file: &apos;Microsoft.Extensions.Features.dll&apos;" date="2025-10-07T22:34:57.379" /><!-- duration: 0ms -->
          <step title="Copying file: &apos;Microsoft.Extensions.FileProviders.Abstractions.dll&apos;" date="2025-10-07T22:34:57.379" /><!-- duration: 16ms -->
          <step title="Copying file: &apos;Microsoft.Extensions.FileProviders.Physical.dll&apos;" date="2025-10-07T22:34:57.395" /><!-- duration: 0ms -->
          <step title="Copying file: &apos;Microsoft.Extensions.FileSystemGlobbing.dll&apos;" date="2025-10-07T22:34:57.395" /><!-- duration: 16ms -->
          <step title="Copying file: &apos;Microsoft.Extensions.Hosting.Abstractions.dll&apos;" date="2025-10-07T22:34:57.411" /><!-- duration: 0ms -->
          <step title="Copying file: &apos;Microsoft.Extensions.Logging.Abstractions.dll&apos;" date="2025-10-07T22:34:57.426" /><!-- duration: 0ms -->
          <step title="Copying file: &apos;Microsoft.Extensions.Logging.dll&apos;" date="2025-10-07T22:34:57.442" /><!-- duration: 0ms -->
          <step title="Copying file: &apos;Microsoft.Extensions.Options.dll&apos;" date="2025-10-07T22:34:57.442" /><!-- duration: 0ms -->
          <step title="Copying file: &apos;Microsoft.Extensions.Primitives.dll&apos;" date="2025-10-07T22:34:57.457" /><!-- duration: 0ms -->
          <step title="Copying file: &apos;Microsoft.JSInterop.dll&apos;" date="2025-10-07T22:34:57.473" /><!-- duration: 0ms -->
          <step title="Copying file: &apos;Microsoft.JSInterop.WebAssembly.dll&apos;" date="2025-10-07T22:34:57.473" /><!-- duration: 16ms -->
          <step title="Copying file: &apos;Microsoft.OpenApi.dll&apos;" date="2025-10-07T22:34:57.489" /><!-- duration: 0ms -->
          <step title="Copying file: &apos;PoTicTac.Client.dll&apos;" date="2025-10-07T22:34:57.489" /><!-- duration: 16ms -->
          <step title="Copying file: &apos;PoTicTac.Client.pdb&apos;" date="2025-10-07T22:34:57.504" /><!-- duration: 0ms -->
          <step title="Copying file: &apos;PoTicTacServer.deps.json&apos;" date="2025-10-07T22:34:57.504" /><!-- duration: 16ms -->
          <step title="Omitting next output lines..." date="2025-10-07T22:34:57.520" /><!-- duration: 0ms -->
          <step title="Finished successfully." date="2025-10-07T22:35:01.520" /><!-- duration: 0ms -->
        </step><!-- duration: 4828ms -->
        <step title="Running post deployment command(s)..." date="2025-10-07T22:35:01.567" /><!-- duration: 0ms -->
        <step title="Triggering recycle (preview mode disabled)." date="2025-10-07T22:35:01.630" /><!-- duration: 0ms -->
        <step title="Ignoring FS watcher based recycle request as this is a classic Windows app." date="2025-10-07T22:35:01.645" /><!-- duration: 0ms -->
        <step title="Deployment successful. DEPLOYMENTINFO: deploymentPath = ZipDeploy. Extract zip. , deployer = ZipDeploy, os = windows, sku = Free, siteName = PoTicTac, siteHostName = potictac.azurewebsites.net, deploymentStatus = Success" date="2025-10-07T22:35:01.692" /><!-- duration: 0ms -->
      </step><!-- duration: 5813ms -->
    </step><!-- duration: 6032ms -->
    <step title="Cleaning up temp files" date="2025-10-07T22:35:01.911" /><!-- duration: 0ms -->
    <step title="Skip function trigger and logicapp sync because function is not enabled." date="2025-10-07T22:35:01.911" /><!-- duration: 16ms -->
  </step><!-- duration: 7532ms -->
  <step title="LockFile &apos;C:\home\site\locks\deployments.lock&apos; released" date="2025-10-07T22:35:01.958" /><!-- duration: 0ms -->
  <step title="Deleting shutdown sentinel file" date="2025-10-07T22:35:01.989" SemaphoreCount="8" /><!-- duration: 0ms -->
</step><!-- duration: 7673ms -->
