<step title="BackgroundTrace" date="2025-11-11T22:13:24.579" instance="92ca53" url="/api/zipdeploy" method="POST" >
  <step title="Cleanup Xml Logs" date="2025-11-11T22:13:24.579" /><!-- duration: 16ms -->
  <step title="Updating shutdown sentinel last write time" date="2025-11-11T22:13:24.611" SemaphoreCount="7" /><!-- duration: 0ms -->
  <step title="LockFile &apos;C:\home\site\locks\deployments.lock&apos; acquired" date="2025-11-11T22:13:24.611" /><!-- duration: 0ms -->
  <step title="Creating temporary deployment" date="2025-11-11T22:13:24.626" /><!-- duration: 47ms -->
  <step title="Performing fetch based deployment" date="2025-11-11T22:13:24.673" >
    <step title="Fetching changes." date="2025-11-11T22:13:24.767" /><!-- duration: 0ms -->
    <step title="Starting LocalZipHandler" date="2025-11-11T22:13:24.767" /><!-- duration: 16ms -->
    <step title="Cleaning up temp folders from previous zip deployments and extracting pushed zip file C:\local\Temp\zipdeploy\v3sfldmi.zip (37.33 MB) to C:\local\Temp\zipdeploy\extracted" date="2025-11-11T22:13:24.798" /><!-- duration: 0ms -->
    <step title="Cleaning up temp folders from previous zip deployments and extracting pushed zip file C:\local\Temp\zipdeploy\v3sfldmi.zip (37.33 MB) to C:\local\Temp\zipdeploy\extracted" date="2025-11-11T22:13:24.814" >
      <step title="Renaming extractTargetDirectory(C:\local\Temp\zipdeploy\extracted) to tempDirectory(C:\local\Temp\zipdeploy\1m1r0bkg.j5p)" date="2025-11-11T22:13:24.814" /><!-- duration: 0ms -->
      <step title="Extracting 614 entries to C:\local\Temp\zipdeploy\extracted directory" date="2025-11-11T22:13:24.845" >
        <step title="Extracting to C:\local\Temp\zipdeploy\extracted\Azure.Core.dll ..." date="2025-11-11T22:13:24.845" /><!-- duration: 16ms -->
        <step title="Extracting to C:\local\Temp\zipdeploy\extracted\Azure.Data.Tables.dll ..." date="2025-11-11T22:13:24.876" /><!-- duration: 0ms -->
        <step title="Extracting to C:\local\Temp\zipdeploy\extracted\Azure.Identity.dll ..." date="2025-11-11T22:13:24.876" /><!-- duration: 16ms -->
        <step title="Extracting to C:\local\Temp\zipdeploy\extracted\BlazorDebugProxy\BrowserDebugHost.dll ..." date="2025-11-11T22:13:24.892" /><!-- duration: 0ms -->
        <step title="Extracting to C:\local\Temp\zipdeploy\extracted\BlazorDebugProxy\BrowserDebugHost.runtimeconfig.json ..." date="2025-11-11T22:13:24.907" /><!-- duration: 0ms -->
        <step title="Omitting extracting file traces ..." date="2025-11-11T22:13:24.907" /><!-- duration: 16ms -->
        <step title="Extracting to C:\local\Temp\zipdeploy\extracted\wwwroot\lib\bootstrap\dist\js\bootstrap.min.js.br ..." date="2025-11-11T22:13:25.986" /><!-- duration: 16ms -->
        <step title="Extracting to C:\local\Temp\zipdeploy\extracted\wwwroot\lib\bootstrap\dist\js\bootstrap.min.js.gz ..." date="2025-11-11T22:13:26.001" /><!-- duration: 0ms -->
        <step title="Extracting to C:\local\Temp\zipdeploy\extracted\wwwroot\lib\bootstrap\dist\js\bootstrap.min.js.map ..." date="2025-11-11T22:13:26.017" /><!-- duration: 0ms -->
        <step title="Extracting to C:\local\Temp\zipdeploy\extracted\wwwroot\lib\bootstrap\dist\js\bootstrap.min.js.map.br ..." date="2025-11-11T22:13:26.032" /><!-- duration: 0ms -->
        <step title="Extracting to C:\local\Temp\zipdeploy\extracted\wwwroot\lib\bootstrap\dist\js\bootstrap.min.js.map.gz ..." date="2025-11-11T22:13:26.032" /><!-- duration: 16ms -->
      </step><!-- duration: 1203ms -->
    </step><!-- duration: 1234ms -->
    <step title="Before sending BuildRequestReceived status to /api/updatedeploystatus" date="2025-11-11T22:13:26.048" /><!-- duration: 16ms -->
    <step title="DeploymentManager.Deploy(id:e97fdfecae9d4af8b9d54c862551dc7f)" date="2025-11-11T22:13:26.064" >
      <step title="Collecting changeset information" date="2025-11-11T22:13:26.079" /><!-- duration: 31ms -->
      <step title="Updating submodules" date="2025-11-11T22:13:26.111" >
        <step title="Updating submodules." date="2025-11-11T22:13:26.157" /><!-- duration: 0ms -->
      </step><!-- duration: 47ms -->
      <step title="Preparing deployment for commit id &apos;e97fdfecae&apos;." date="2025-11-11T22:13:26.204" /><!-- duration: 0ms -->
      <step title="Determining deployment builder" date="2025-11-11T22:13:26.236" >
        <step title="Builder is BasicBuilder" date="2025-11-11T22:13:26.251" /><!-- duration: 16ms -->
      </step><!-- duration: 31ms -->
      <step title="Copying SSH keys" date="2025-11-11T22:13:26.282" /><!-- duration: 16ms -->
      <step title="Building" date="2025-11-11T22:13:26.298" >
        <step title="Generating deployment script." date="2025-11-11T22:13:26.329" /><!-- duration: 0ms -->
        <step title="Generating deployment script" date="2025-11-11T22:13:26.345" >
          <step title="Using cached version of the deployment script for command: -y --no-dot-deployment -r &quot;C:\local\Temp\zipdeploy\extracted&quot; -o &quot;C:\home\site\deployments\tools&quot; --basic --sitePath &quot;C:\local\Temp\zipdeploy\extracted&quot;" date="2025-11-11T22:13:26.392" /><!-- duration: 0ms -->
          <step title="Using cached version of deployment script (command: &apos;azure -y --no-dot-deployment -r &quot;C:\local\Temp\zipdeploy\extracted&quot; -o &quot;C:\home\site\deployments\tools&quot; --basic --sitePath &quot;C:\local\Temp\zipdeploy\extracted&quot;&apos;)." date="2025-11-11T22:13:26.407" /><!-- duration: 0ms -->
        </step><!-- duration: 63ms -->
        <step title="Running deployment command..." date="2025-11-11T22:13:26.439" /><!-- duration: 0ms -->
        <step title="Command: &quot;C:\home\site\deployments\tools\deploy.cmd&quot;" date="2025-11-11T22:13:26.454" /><!-- duration: 16ms -->
        <step title="Executing external process" date="2025-11-11T22:13:26.486" type="process" path="starter.cmd" arguments="&quot;C:\home\site\deployments\tools\deploy.cmd&quot;" >
          <step title="Handling Basic Web Site deployment." date="2025-11-11T22:13:26.657" /><!-- duration: 0ms -->
          <step title="Creating app_offline.htm" date="2025-11-11T22:13:26.861" /><!-- duration: 0ms -->
          <step title="KuduSync.NET from: &apos;C:\local\Temp\zipdeploy\extracted&apos; to: &apos;C:\home\site\wwwroot&apos;" date="2025-11-11T22:13:26.861" /><!-- duration: 16ms -->
          <step title="Deleting file: &apos;Po.TicTac.Api&apos;" date="2025-11-11T22:13:26.892" /><!-- duration: 0ms -->
          <step title="Copying file: &apos;appsettings.Development.json&apos;" date="2025-11-11T22:13:26.892" /><!-- duration: 0ms -->
          <step title="Copying file: &apos;appsettings.json&apos;" date="2025-11-11T22:13:26.907" /><!-- duration: 0ms -->
          <step title="Copying file: &apos;Azure.Core.dll&apos;" date="2025-11-11T22:13:26.907" /><!-- duration: 16ms -->
          <step title="Copying file: &apos;Azure.Data.Tables.dll&apos;" date="2025-11-11T22:13:26.923" /><!-- duration: 0ms -->
          <step title="Copying file: &apos;Azure.Identity.dll&apos;" date="2025-11-11T22:13:26.939" /><!-- duration: 0ms -->
          <step title="Copying file: &apos;CommandLine.dll&apos;" date="2025-11-11T22:13:26.939" /><!-- duration: 16ms -->
          <step title="Copying file: &apos;MediatR.Contracts.dll&apos;" date="2025-11-11T22:13:26.954" /><!-- duration: 0ms -->
          <step title="Copying file: &apos;MediatR.dll&apos;" date="2025-11-11T22:13:26.970" /><!-- duration: 0ms -->
          <step title="Copying file: &apos;Microsoft.AI.DependencyCollector.dll&apos;" date="2025-11-11T22:13:26.986" /><!-- duration: 0ms -->
          <step title="Copying file: &apos;Microsoft.AI.EventCounterCollector.dll&apos;" date="2025-11-11T22:13:26.986" /><!-- duration: 0ms -->
          <step title="Copying file: &apos;Microsoft.AI.PerfCounterCollector.dll&apos;" date="2025-11-11T22:13:27.001" /><!-- duration: 0ms -->
          <step title="Copying file: &apos;Microsoft.AI.ServerTelemetryChannel.dll&apos;" date="2025-11-11T22:13:27.017" /><!-- duration: 0ms -->
          <step title="Copying file: &apos;Microsoft.AI.WindowsServer.dll&apos;" date="2025-11-11T22:13:27.017" /><!-- duration: 0ms -->
          <step title="Copying file: &apos;Microsoft.ApplicationInsights.AspNetCore.dll&apos;" date="2025-11-11T22:13:27.032" /><!-- duration: 0ms -->
          <step title="Copying file: &apos;Microsoft.ApplicationInsights.dll&apos;" date="2025-11-11T22:13:27.032" /><!-- duration: 16ms -->
          <step title="Copying file: &apos;Microsoft.ApplicationInsights.Profiler.AspNetCore.dll&apos;" date="2025-11-11T22:13:27.048" /><!-- duration: 0ms -->
          <step title="Copying file: &apos;Microsoft.ApplicationInsights.Profiler.Core.dll&apos;" date="2025-11-11T22:13:27.064" /><!-- duration: 0ms -->
          <step title="Copying file: &apos;Microsoft.ApplicationInsights.Profiler.HostingStartup30.dll&apos;" date="2025-11-11T22:13:27.064" /><!-- duration: 16ms -->
          <step title="Copying file: &apos;Microsoft.ApplicationInsights.Profiler.Logging.dll&apos;" date="2025-11-11T22:13:27.079" /><!-- duration: 0ms -->
          <step title="Copying file: &apos;Microsoft.ApplicationInsights.SnapshotCollector.dll&apos;" date="2025-11-11T22:13:27.095" /><!-- duration: 0ms -->
          <step title="Copying file: &apos;Microsoft.AspNetCore.Authorization.dll&apos;" date="2025-11-11T22:13:27.095" /><!-- duration: 16ms -->
          <step title="Copying file: &apos;Microsoft.AspNetCore.Components.dll&apos;" date="2025-11-11T22:13:27.111" /><!-- duration: 0ms -->
          <step title="Copying file: &apos;Microsoft.AspNetCore.Components.Forms.dll&apos;" date="2025-11-11T22:13:27.126" /><!-- duration: 0ms -->
          <step title="Copying file: &apos;Microsoft.AspNetCore.Components.Web.dll&apos;" date="2025-11-11T22:13:27.142" /><!-- duration: 0ms -->
          <step title="Copying file: &apos;Microsoft.AspNetCore.Components.WebAssembly.dll&apos;" date="2025-11-11T22:13:27.157" /><!-- duration: 0ms -->
          <step title="Copying file: &apos;Microsoft.AspNetCore.Components.WebAssembly.Server.dll&apos;" date="2025-11-11T22:13:27.157" /><!-- duration: 0ms -->
          <step title="Copying file: &apos;Microsoft.AspNetCore.Connections.Abstractions.dll&apos;" date="2025-11-11T22:13:27.173" /><!-- duration: 0ms -->
          <step title="Copying file: &apos;Microsoft.AspNetCore.Http.Connections.Client.dll&apos;" date="2025-11-11T22:13:27.173" /><!-- duration: 16ms -->
          <step title="Copying file: &apos;Microsoft.AspNetCore.Http.Connections.Common.dll&apos;" date="2025-11-11T22:13:27.189" /><!-- duration: 0ms -->
          <step title="Copying file: &apos;Microsoft.AspNetCore.Metadata.dll&apos;" date="2025-11-11T22:13:27.204" /><!-- duration: 0ms -->
          <step title="Copying file: &apos;Microsoft.AspNetCore.OpenApi.dll&apos;" date="2025-11-11T22:13:27.220" /><!-- duration: 0ms -->
          <step title="Copying file: &apos;Microsoft.AspNetCore.SignalR.Client.Core.dll&apos;" date="2025-11-11T22:13:27.220" /><!-- duration: 16ms -->
          <step title="Copying file: &apos;Microsoft.AspNetCore.SignalR.Client.dll&apos;" date="2025-11-11T22:13:27.236" /><!-- duration: 0ms -->
          <step title="Copying file: &apos;Microsoft.AspNetCore.SignalR.Common.dll&apos;" date="2025-11-11T22:13:27.251" /><!-- duration: 0ms -->
          <step title="Copying file: &apos;Microsoft.AspNetCore.SignalR.Protocols.Json.dll&apos;" date="2025-11-11T22:13:27.251" /><!-- duration: 0ms -->
          <step title="Copying file: &apos;Microsoft.Bcl.AsyncInterfaces.dll&apos;" date="2025-11-11T22:13:27.267" /><!-- duration: 0ms -->
          <step title="Copying file: &apos;Microsoft.Diagnostics.NETCore.Client.dll&apos;" date="2025-11-11T22:13:27.267" /><!-- duration: 0ms -->
          <step title="Copying file: &apos;Microsoft.Extensions.Configuration.Abstractions.dll&apos;" date="2025-11-11T22:13:27.282" /><!-- duration: 0ms -->
          <step title="Copying file: &apos;Microsoft.Extensions.Configuration.Binder.dll&apos;" date="2025-11-11T22:13:27.298" /><!-- duration: 0ms -->
          <step title="Copying file: &apos;Microsoft.Extensions.Configuration.dll&apos;" date="2025-11-11T22:13:27.298" /><!-- duration: 16ms -->
          <step title="Copying file: &apos;Microsoft.Extensions.Configuration.FileExtensions.dll&apos;" date="2025-11-11T22:13:27.314" /><!-- duration: 0ms -->
          <step title="Copying file: &apos;Microsoft.Extensions.Configuration.Json.dll&apos;" date="2025-11-11T22:13:27.345" /><!-- duration: 0ms -->
          <step title="Copying file: &apos;Microsoft.Extensions.DependencyInjection.Abstractions.dll&apos;" date="2025-11-11T22:13:27.345" /><!-- duration: 16ms -->
          <step title="Copying file: &apos;Microsoft.Extensions.DependencyInjection.dll&apos;" date="2025-11-11T22:13:27.361" /><!-- duration: 0ms -->
          <step title="Copying file: &apos;Microsoft.Extensions.DependencyModel.dll&apos;" date="2025-11-11T22:13:27.361" /><!-- duration: 16ms -->
          <step title="Copying file: &apos;Microsoft.Extensions.Diagnostics.Abstractions.dll&apos;" date="2025-11-11T22:13:27.376" /><!-- duration: 0ms -->
          <step title="Copying file: &apos;Microsoft.Extensions.Diagnostics.HealthChecks.Abstractions.dll&apos;" date="2025-11-11T22:13:27.376" /><!-- duration: 16ms -->
          <step title="Omitting next output lines..." date="2025-11-11T22:13:27.392" /><!-- duration: 0ms -->
          <step title="Finished successfully." date="2025-11-11T22:13:31.322" /><!-- duration: 0ms -->
        </step><!-- duration: 4852ms -->
        <step title="Running post deployment command(s)..." date="2025-11-11T22:13:31.369" /><!-- duration: 0ms -->
        <step title="Triggering recycle (preview mode disabled)." date="2025-11-11T22:13:31.416" /><!-- duration: 16ms -->
        <step title="Ignoring FS watcher based recycle request as this is a classic Windows app." date="2025-11-11T22:13:31.431" /><!-- duration: 0ms -->
        <step title="Deployment successful. DEPLOYMENTINFO: deploymentPath = ZipDeploy. Extract zip. , deployer = ZipDeploy, os = windows, sku = Free, siteName = PoTicTac, siteHostName = potictac.azurewebsites.net, deploymentStatus = Success" date="2025-11-11T22:13:31.478" /><!-- duration: 0ms -->
      </step><!-- duration: 5321ms -->
    </step><!-- duration: 5571ms -->
    <step title="Cleaning up temp files" date="2025-11-11T22:13:31.634" /><!-- duration: 16ms -->
    <step title="Skip function trigger and logicapp sync because function is not enabled." date="2025-11-11T22:13:31.650" /><!-- duration: 0ms -->
  </step><!-- duration: 7008ms -->
  <step title="LockFile &apos;C:\home\site\locks\deployments.lock&apos; released" date="2025-11-11T22:13:31.697" /><!-- duration: 0ms -->
  <step title="Deleting shutdown sentinel file" date="2025-11-11T22:13:31.697" SemaphoreCount="8" /><!-- duration: 0ms -->
</step><!-- duration: 7133ms -->
