﻿<?xml version="1.0" encoding="utf-8"?>
<deployment>
  <id>79a99ce03d04454ba45f083058c25c15</id>
  <author>N/A</author>
  <deployer>ZipDeploy</deployer>
  <authorEmail>N/A</authorEmail>
  <message>Created via a push deployment</message>
  <progress></progress>
  <status>Success</status>
  <statusText></statusText>
  <lastSuccessEndTime>2025-11-11T22:18:03.2118759Z</lastSuccessEndTime>
  <receivedTime>2025-11-11T22:17:57.4396718Z</receivedTime>
  <startTime>2025-11-11T22:17:57.533414Z</startTime>
  <endTime>2025-11-11T22:18:03.2118759Z</endTime>
  <complete>True</complete>
  <is_temp>False</is_temp>
  <is_readonly>True</is_readonly>
  <project_type>BASIC</project_type>
  <vsproject_id></vsproject_id>
</deployment>