﻿<?xml version="1.0" encoding="utf-8"?>
<deployment>
  <id>4152d4af909a45798efcc8b634a15dfc</id>
  <author>N/A</author>
  <deployer>ZipDeploy</deployer>
  <authorEmail>N/A</authorEmail>
  <message>Created via a push deployment</message>
  <progress></progress>
  <status>Success</status>
  <statusText></statusText>
  <lastSuccessEndTime>2025-11-11T21:31:25.4734Z</lastSuccessEndTime>
  <receivedTime>2025-11-11T21:31:19.2445203Z</receivedTime>
  <startTime>2025-11-11T21:31:19.3382676Z</startTime>
  <endTime>2025-11-11T21:31:25.4734Z</endTime>
  <complete>True</complete>
  <is_temp>False</is_temp>
  <is_readonly>True</is_readonly>
  <project_type>BASIC</project_type>
  <vsproject_id></vsproject_id>
</deployment>