﻿<?xml version="1.0" encoding="utf-8"?>
<deployment>
  <id>5e87de96148741c7a943cc17b12c80b7</id>
  <author>N/A</author>
  <deployer>ZipDeploy</deployer>
  <authorEmail>N/A</authorEmail>
  <message>Created via a push deployment</message>
  <progress></progress>
  <status>Success</status>
  <statusText></statusText>
  <lastSuccessEndTime>2025-11-11T22:28:22.7781963Z</lastSuccessEndTime>
  <receivedTime>2025-11-11T22:28:19.0274382Z</receivedTime>
  <startTime>2025-11-11T22:28:19.1368324Z</startTime>
  <endTime>2025-11-11T22:28:22.7781963Z</endTime>
  <complete>True</complete>
  <is_temp>False</is_temp>
  <is_readonly>True</is_readonly>
  <project_type>BASIC</project_type>
  <vsproject_id></vsproject_id>
</deployment>